course_number,term,total_slots,enrolled_students,dropout_rate,avg_waitlist_count
CSCI-A 110,Fall 2020,91,59,0.06,0
CSCI-A 110,Fall 2021,68,57,0.16,0
CSCI-A 110,Fall 2022,75,66,0.08,0
CSCI-A 110,Fall 2023,72,38,0.15,0
CSCI-A 110,Fall 2024,50,30,0.12,0
CSCI-A 111,Fall 2020,81,77,0.08,0
CSCI-A 111,Spring 2021,94,30,0.19,0
CSCI-A 111,Fall 2021,88,34,0.14,0
CSCI-A 111,Spring 2022,52,41,0.13,0
CSCI-A 111,Fall 2022,100,86,0.1,0
CSCI-A 111,Spring 2023,77,34,0.06,0
CSCI-A 111,Fall 2023,79,75,0.2,0
CSCI-A 111,Spring 2024,54,41,0.05,0
CSCI-A 111,Fall 2024,75,50,0.12,0
CSCI-A 112,Fall 2020,82,59,0.15,0
CSCI-A 112,Spring 2021,59,51,0.15,0
CSCI-A 112,Fall 2021,83,81,0.11,0
CSCI-A 112,Spring 2022,68,61,0.18,0
CSCI-A 112,Fall 2022,54,42,0.07,0
CSCI-A 112,Spring 2023,73,45,0.15,0
CSCI-A 112,Fall 2023,98,61,0.19,0
CSCI-A 112,Spring 2024,73,41,0.11,0
CSCI-A 112,Fall 2024,82,62,0.17,0
CSCI-A 201,Spring 2021,92,66,0.14,0
CSCI-A 201,Spring 2022,50,30,0.15,0
CSCI-A 201,Spring 2023,92,73,0.09,0
CSCI-A 201,Spring 2024,61,60,0.11,0
CSCI-A 202,Fall 2020,100,64,0.1,0
CSCI-A 202,Fall 2021,75,37,0.11,0
CSCI-A 202,Fall 2022,59,55,0.1,0
CSCI-A 202,Fall 2023,100,36,0.07,0
CSCI-A 202,Fall 2024,99,58,0.06,0
CSCI-A 216,Fall 2020,74,50,0.2,0
CSCI-A 216,Fall 2021,85,39,0.11,0
CSCI-A 216,Fall 2022,73,64,0.2,0
CSCI-A 216,Fall 2023,97,65,0.11,0
CSCI-A 216,Fall 2024,88,61,0.1,0
CSCI-A 290,Fall 2020,81,66,0.09,0
CSCI-A 290,Fall 2021,62,52,0.16,0
CSCI-A 290,Fall 2022,90,59,0.19,0
CSCI-A 290,Fall 2023,69,54,0.1,0
CSCI-A 290,Fall 2024,68,65,0.05,0
CSCI-A 310,Fall 2020,90,48,0.06,0
CSCI-A 310,Spring 2021,56,43,0.15,0
CSCI-A 310,Fall 2021,68,45,0.12,0
CSCI-A 310,Spring 2022,84,41,0.1,0
CSCI-A 310,Fall 2022,70,65,0.19,0
CSCI-A 310,Spring 2023,65,43,0.13,0
CSCI-A 310,Fall 2023,54,32,0.18,0
CSCI-A 310,Spring 2024,92,40,0.07,0
CSCI-A 310,Fall 2024,61,38,0.16,0
CSCI-A 321,Spring 2021,93,46,0.07,0
CSCI-A 321,Spring 2022,56,43,0.16,0
CSCI-A 321,Spring 2023,91,38,0.17,0
CSCI-A 321,Spring 2024,51,34,0.13,0
CSCI-A 338,Fall 2020,87,48,0.14,0
CSCI-A 338,Spring 2021,94,94,0.18,0
CSCI-A 338,Fall 2021,56,54,0.14,0
CSCI-A 338,Spring 2022,85,35,0.16,0
CSCI-A 338,Fall 2022,68,68,0.11,1
CSCI-A 338,Spring 2023,68,68,0.12,4
CSCI-A 338,Fall 2023,62,57,0.14,0
CSCI-A 338,Spring 2024,69,57,0.17,0
CSCI-A 338,Fall 2024,90,68,0.16,0
CSCI-A 346,Fall 2020,62,57,0.19,0
CSCI-A 346,Fall 2021,98,54,0.18,0
CSCI-A 346,Fall 2022,87,82,0.19,0
CSCI-A 346,Fall 2023,93,74,0.2,0
CSCI-A 346,Fall 2024,96,50,0.06,0
CSCI-A 348,Fall 2020,70,40,0.19,0
CSCI-A 348,Spring 2021,85,64,0.15,0
CSCI-A 348,Fall 2021,67,43,0.09,0
CSCI-A 348,Spring 2022,50,50,0.15,2
CSCI-A 348,Fall 2022,65,52,0.06,0
CSCI-A 348,Spring 2023,61,39,0.19,0
CSCI-A 348,Fall 2023,57,35,0.12,0
CSCI-A 348,Spring 2024,77,37,0.08,0
CSCI-A 348,Fall 2024,85,55,0.11,0
CSCI-A 521,Fall 2020,99,57,0.06,0
CSCI-A 521,Spring 2021,90,65,0.2,0
CSCI-A 521,Fall 2021,66,38,0.1,0
CSCI-A 521,Spring 2022,69,42,0.15,0
CSCI-A 521,Fall 2022,78,42,0.19,0
CSCI-A 521,Spring 2023,55,47,0.11,0
CSCI-A 521,Fall 2023,54,44,0.19,0
CSCI-A 521,Spring 2024,59,53,0.18,0
CSCI-A 521,Fall 2024,94,34,0.05,0
CSCI-A 538,Fall 2020,82,30,0.12,0
CSCI-A 538,Fall 2021,96,78,0.11,0
CSCI-A 538,Fall 2022,75,54,0.2,0
CSCI-A 538,Fall 2023,76,42,0.06,0
CSCI-A 538,Fall 2024,90,64,0.07,0
CSCI-A 541,Fall 2020,70,35,0.15,0
CSCI-A 541,Fall 2021,54,34,0.2,0
CSCI-A 541,Fall 2022,72,66,0.16,0
CSCI-A 541,Fall 2023,59,39,0.11,0
CSCI-A 541,Fall 2024,70,43,0.08,0
CSCI-A 542,Fall 2020,50,48,0.09,0
CSCI-A 542,Fall 2021,53,30,0.15,0
CSCI-A 542,Fall 2022,81,63,0.1,0
CSCI-A 542,Fall 2023,57,36,0.15,0
CSCI-A 542,Fall 2024,83,83,0.17,2
CSCI-A 548,Fall 2020,99,41,0.17,0
CSCI-A 548,Fall 2021,93,34,0.06,0
CSCI-A 548,Fall 2022,66,52,0.16,0
CSCI-A 548,Fall 2023,70,43,0.16,0
CSCI-A 548,Fall 2024,100,67,0.14,0
CSCI-A 581,Spring 2021,83,67,0.14,0
CSCI-A 581,Spring 2022,67,59,0.13,0
CSCI-A 581,Spring 2023,100,92,0.16,0
CSCI-A 581,Spring 2024,87,62,0.17,0
CSCI-A 590,Fall 2020,79,71,0.18,0
CSCI-A 590,Fall 2021,54,33,0.12,0
CSCI-A 590,Fall 2022,66,39,0.17,0
CSCI-A 590,Fall 2023,69,53,0.06,0
CSCI-A 590,Fall 2024,55,50,0.1,0
CSCI-A 591,Fall 2020,92,72,0.09,0
CSCI-A 591,Fall 2021,100,52,0.07,0
CSCI-A 591,Fall 2022,80,40,0.07,0
CSCI-A 591,Fall 2023,57,33,0.08,0
CSCI-A 591,Fall 2024,74,32,0.18,0
CSCI-A 592,Spring 2021,76,58,0.2,0
CSCI-A 592,Spring 2022,100,48,0.17,0
CSCI-A 592,Spring 2023,67,57,0.1,0
CSCI-A 592,Spring 2024,71,50,0.13,0
CSCI-A 593,Fall 2020,54,38,0.1,0
CSCI-A 593,Fall 2021,95,63,0.07,0
CSCI-A 593,Fall 2022,75,74,0.1,0
CSCI-A 593,Fall 2023,75,51,0.06,0
CSCI-A 593,Fall 2024,79,72,0.19,0
CSCI-A 594,Fall 2020,66,55,0.18,0
CSCI-A 594,Fall 2021,57,46,0.14,0
CSCI-A 594,Fall 2022,64,51,0.09,0
CSCI-A 594,Fall 2023,77,52,0.13,0
CSCI-A 594,Fall 2024,51,42,0.06,0
CSCI-A 595,Fall 2020,100,36,0.15,0
CSCI-A 595,Fall 2021,72,72,0.13,4
CSCI-A 595,Fall 2022,67,67,0.13,0
CSCI-A 595,Fall 2023,86,57,0.05,0
CSCI-A 595,Fall 2024,66,51,0.1,0
CSCI-A 596,Fall 2020,93,54,0.18,0
CSCI-A 596,Fall 2021,69,54,0.15,0
CSCI-A 596,Fall 2022,52,38,0.12,0
CSCI-A 596,Fall 2023,96,63,0.13,0
CSCI-A 596,Fall 2024,89,78,0.13,0
CSCI-A 597,Fall 2020,91,70,0.1,0
CSCI-A 597,Spring 2021,75,63,0.09,0
CSCI-A 597,Fall 2021,94,62,0.05,0
CSCI-A 597,Spring 2022,70,35,0.1,0
CSCI-A 597,Fall 2022,97,33,0.18,0
CSCI-A 597,Spring 2023,79,60,0.06,0
CSCI-A 597,Fall 2023,58,52,0.06,0
CSCI-A 597,Spring 2024,80,69,0.15,0
CSCI-A 597,Fall 2024,73,60,0.18,0
CSCI-A 598,Fall 2020,69,57,0.19,0
CSCI-A 598,Fall 2021,64,35,0.2,0
CSCI-A 598,Fall 2022,79,67,0.15,0
CSCI-A 598,Fall 2023,51,44,0.13,0
CSCI-A 598,Fall 2024,75,74,0.17,0
CSCI-B 351,Spring 2021,55,55,0.1,2
CSCI-B 351,Spring 2022,69,62,0.16,0
CSCI-B 351,Spring 2023,61,44,0.16,0
CSCI-B 351,Spring 2024,63,40,0.19,0
CSCI-B 355,Spring 2021,62,32,0.06,0
CSCI-B 355,Spring 2022,99,39,0.13,0
CSCI-B 355,Spring 2023,59,41,0.08,0
CSCI-B 355,Spring 2024,89,31,0.06,0
CSCI-B 363,Fall 2020,86,38,0.16,0
CSCI-B 363,Fall 2021,60,44,0.12,0
CSCI-B 363,Fall 2022,84,59,0.07,0
CSCI-B 363,Fall 2023,54,41,0.11,0
CSCI-B 363,Fall 2024,60,38,0.08,0
CSCI-B 365,Spring 2021,84,64,0.19,0
CSCI-B 365,Spring 2022,71,58,0.07,0
CSCI-B 365,Spring 2023,90,66,0.08,0
CSCI-B 365,Spring 2024,79,64,0.07,0
CSCI-B 392,Fall 2020,54,48,0.15,0
CSCI-B 392,Fall 2021,75,33,0.1,0
CSCI-B 392,Fall 2022,91,54,0.15,0
CSCI-B 392,Fall 2023,57,36,0.16,0
CSCI-B 392,Fall 2024,81,80,0.14,0
CSCI-B 401,Fall 2020,82,52,0.12,0
CSCI-B 401,Fall 2021,82,54,0.1,0
CSCI-B 401,Fall 2022,96,95,0.13,0
CSCI-B 401,Fall 2023,89,69,0.14,0
CSCI-B 401,Fall 2024,100,99,0.19,0
CSCI-B 403,Fall 2020,56,48,0.1,0
CSCI-B 403,Spring 2021,64,58,0.12,0
CSCI-B 403,Fall 2021,79,68,0.14,0
CSCI-B 403,Spring 2022,78,67,0.16,0
CSCI-B 403,Fall 2022,86,56,0.16,0
CSCI-B 403,Spring 2023,53,51,0.16,0
CSCI-B 403,Fall 2023,54,39,0.1,0
CSCI-B 403,Spring 2024,87,42,0.07,0
CSCI-B 403,Fall 2024,85,74,0.07,0
CSCI-B 405,Fall 2020,64,58,0.13,0
CSCI-B 405,Spring 2021,78,76,0.11,0
CSCI-B 405,Fall 2021,94,31,0.05,0
CSCI-B 405,Spring 2022,100,65,0.13,0
CSCI-B 405,Fall 2022,92,56,0.1,0
CSCI-B 405,Spring 2023,60,59,0.19,0
CSCI-B 405,Fall 2023,87,35,0.11,0
CSCI-B 405,Spring 2024,96,75,0.14,0
CSCI-B 405,Fall 2024,75,42,0.07,0
CSCI-B 430,Fall 2020,67,54,0.09,0
CSCI-B 430,Spring 2021,89,89,0.14,3
CSCI-B 430,Fall 2021,85,77,0.15,0
CSCI-B 430,Spring 2022,86,37,0.15,0
CSCI-B 430,Fall 2022,98,60,0.14,0
CSCI-B 430,Spring 2023,100,58,0.07,0
CSCI-B 430,Fall 2023,90,51,0.19,0
CSCI-B 430,Spring 2024,50,43,0.09,0
CSCI-B 430,Fall 2024,75,75,0.08,0
CSCI-B 433,Fall 2020,50,48,0.14,0
CSCI-B 433,Fall 2021,70,38,0.16,0
CSCI-B 433,Fall 2022,59,49,0.17,0
CSCI-B 433,Fall 2023,75,70,0.07,0
CSCI-B 433,Fall 2024,74,55,0.19,0
CSCI-B 441,Fall 2020,51,36,0.1,0
CSCI-B 441,Fall 2021,83,56,0.12,0
CSCI-B 441,Fall 2022,92,88,0.12,0
CSCI-B 441,Fall 2023,100,83,0.08,0
CSCI-B 441,Fall 2024,56,49,0.11,0
CSCI-B 443,Spring 2021,73,62,0.1,0
CSCI-B 443,Spring 2022,92,51,0.08,0
CSCI-B 443,Spring 2023,99,78,0.08,0
CSCI-B 443,Spring 2024,69,49,0.11,0
CSCI-B 453,Fall 2020,77,69,0.13,0
CSCI-B 453,Fall 2021,50,42,0.11,0
CSCI-B 453,Fall 2022,100,85,0.18,0
CSCI-B 453,Fall 2023,81,59,0.08,0
CSCI-B 453,Fall 2024,94,59,0.18,0
CSCI-B 455,Fall 2020,68,47,0.09,0
CSCI-B 455,Fall 2021,100,76,0.13,0
CSCI-B 455,Fall 2022,77,59,0.13,0
CSCI-B 455,Fall 2023,53,30,0.1,0
CSCI-B 455,Fall 2024,88,32,0.11,0
CSCI-B 456,Fall 2020,59,48,0.15,0
CSCI-B 456,Fall 2021,82,52,0.2,0
CSCI-B 456,Fall 2022,81,79,0.18,0
CSCI-B 456,Fall 2023,57,30,0.13,0
CSCI-B 456,Fall 2024,52,52,0.15,4
CSCI-B 457,Fall 2020,57,51,0.1,0
CSCI-B 457,Fall 2021,86,32,0.18,0
CSCI-B 457,Fall 2022,77,76,0.16,0
CSCI-B 457,Fall 2023,84,61,0.2,0
CSCI-B 457,Fall 2024,81,75,0.17,0
CSCI-B 461,Fall 2020,53,49,0.15,0
CSCI-B 461,Spring 2021,70,43,0.09,0
CSCI-B 461,Fall 2021,97,36,0.14,0
CSCI-B 461,Spring 2022,82,52,0.18,0
CSCI-B 461,Fall 2022,97,48,0.14,0
CSCI-B 461,Spring 2023,67,31,0.19,0
CSCI-B 461,Fall 2023,54,49,0.1,0
CSCI-B 461,Spring 2024,51,32,0.14,0
CSCI-B 461,Fall 2024,61,49,0.14,0
CSCI-B 481,Fall 2020,87,59,0.1,0
CSCI-B 481,Fall 2021,93,64,0.19,0
CSCI-B 481,Fall 2022,71,53,0.07,0
CSCI-B 481,Fall 2023,79,75,0.12,0
CSCI-B 481,Fall 2024,81,46,0.12,0
CSCI-B 490,Spring 2021,66,43,0.16,0
CSCI-B 490,Spring 2022,51,42,0.11,0
CSCI-B 490,Spring 2023,58,51,0.15,0
CSCI-B 490,Spring 2024,95,33,0.07,0
CSCI-B 501,Fall 2020,78,74,0.15,0
CSCI-B 501,Fall 2021,86,40,0.17,0
CSCI-B 501,Fall 2022,70,65,0.12,0
CSCI-B 501,Fall 2023,83,46,0.11,0
CSCI-B 501,Fall 2024,87,87,0.16,4
CSCI-B 502,Spring 2021,91,51,0.07,0
CSCI-B 502,Spring 2022,80,35,0.16,0
CSCI-B 502,Spring 2023,83,41,0.14,0
CSCI-B 502,Spring 2024,56,39,0.19,0
CSCI-B 503,Spring 2021,75,50,0.11,0
CSCI-B 503,Spring 2022,95,93,0.1,0
CSCI-B 503,Spring 2023,92,30,0.06,0
CSCI-B 503,Spring 2024,85,80,0.09,0
CSCI-B 505,Fall 2020,70,40,0.09,0
CSCI-B 505,Fall 2021,85,78,0.16,0
CSCI-B 505,Fall 2022,89,64,0.19,0
CSCI-B 505,Fall 2023,96,53,0.19,0
CSCI-B 505,Fall 2024,54,53,0.08,0
CSCI-B 510,Fall 2020,85,76,0.09,0
CSCI-B 510,Spring 2021,84,81,0.06,0
CSCI-B 510,Fall 2021,94,55,0.12,0
CSCI-B 510,Spring 2022,58,38,0.1,0
CSCI-B 510,Fall 2022,50,40,0.14,0
CSCI-B 510,Spring 2023,74,68,0.06,0
CSCI-B 510,Fall 2023,99,73,0.2,0
CSCI-B 510,Spring 2024,87,63,0.07,0
CSCI-B 510,Fall 2024,86,73,0.17,0
CSCI-B 521,Fall 2020,98,90,0.17,0
CSCI-B 521,Spring 2021,98,76,0.06,0
CSCI-B 521,Fall 2021,65,53,0.16,0
CSCI-B 521,Spring 2022,80,50,0.16,0
CSCI-B 521,Fall 2022,86,83,0.15,0
CSCI-B 521,Spring 2023,57,54,0.19,0
CSCI-B 521,Fall 2023,61,44,0.15,0
CSCI-B 521,Spring 2024,90,74,0.15,0
CSCI-B 521,Fall 2024,81,39,0.14,0
CSCI-B 522,Fall 2020,66,52,0.13,0
CSCI-B 522,Spring 2021,71,36,0.06,0
CSCI-B 522,Fall 2021,56,38,0.08,0
CSCI-B 522,Spring 2022,57,47,0.11,0
CSCI-B 522,Fall 2022,78,47,0.16,0
CSCI-B 522,Spring 2023,88,64,0.1,0
CSCI-B 522,Fall 2023,91,68,0.06,0
CSCI-B 522,Spring 2024,80,53,0.08,0
CSCI-B 522,Fall 2024,94,32,0.15,0
CSCI-B 534,Fall 2020,89,55,0.16,0
CSCI-B 534,Spring 2021,93,68,0.1,0
CSCI-B 534,Fall 2021,98,33,0.17,0
CSCI-B 534,Spring 2022,74,42,0.14,0
CSCI-B 534,Fall 2022,65,31,0.05,0
CSCI-B 534,Spring 2023,91,63,0.05,0
CSCI-B 534,Fall 2023,62,42,0.11,0
CSCI-B 534,Spring 2024,81,64,0.06,0
CSCI-B 534,Fall 2024,95,58,0.17,0
CSCI-B 541,Spring 2021,78,73,0.14,0
CSCI-B 541,Spring 2022,93,76,0.11,0
CSCI-B 541,Spring 2023,79,54,0.1,0
CSCI-B 541,Spring 2024,69,34,0.16,0
CSCI-B 544,Fall 2020,98,32,0.12,0
CSCI-B 544,Spring 2021,79,79,0.09,4
CSCI-B 544,Fall 2021,74,30,0.19,0
CSCI-B 544,Spring 2022,64,38,0.07,0
CSCI-B 544,Fall 2022,73,33,0.08,0
CSCI-B 544,Spring 2023,86,66,0.06,0
CSCI-B 544,Fall 2023,55,36,0.18,0
CSCI-B 544,Spring 2024,95,40,0.19,0
CSCI-B 544,Fall 2024,83,54,0.16,0
CSCI-B 546,Fall 2020,53,37,0.19,0
CSCI-B 546,Fall 2021,100,86,0.08,0
CSCI-B 546,Fall 2022,98,32,0.17,0
CSCI-B 546,Fall 2023,54,34,0.14,0
CSCI-B 546,Fall 2024,72,38,0.19,0
CSCI-B 547,Fall 2020,98,90,0.09,0
CSCI-B 547,Fall 2021,84,79,0.12,0
CSCI-B 547,Fall 2022,66,53,0.18,0
CSCI-B 547,Fall 2023,84,67,0.14,0
CSCI-B 547,Fall 2024,96,43,0.18,0
CSCI-B 551,Fall 2020,60,38,0.11,0
CSCI-B 551,Fall 2021,77,58,0.18,0
CSCI-B 551,Fall 2022,74,63,0.18,0
CSCI-B 551,Fall 2023,58,44,0.15,0
CSCI-B 551,Fall 2024,54,40,0.06,0
CSCI-B 552,Fall 2020,73,44,0.05,0
CSCI-B 552,Fall 2021,54,45,0.12,0
CSCI-B 552,Fall 2022,55,34,0.08,0
CSCI-B 552,Fall 2023,62,57,0.06,0
CSCI-B 552,Fall 2024,66,61,0.13,0
CSCI-B 555,Fall 2020,100,87,0.14,0
CSCI-B 555,Fall 2021,89,63,0.13,0
CSCI-B 555,Fall 2022,62,62,0.18,2
CSCI-B 555,Fall 2023,65,57,0.18,0
CSCI-B 555,Fall 2024,97,70,0.1,0
CSCI-B 557,Fall 2020,94,82,0.15,0
CSCI-B 557,Fall 2021,76,67,0.08,0
CSCI-B 557,Fall 2022,54,40,0.19,0
CSCI-B 557,Fall 2023,100,60,0.17,0
CSCI-B 557,Fall 2024,59,40,0.08,0
CSCI-B 561,Fall 2020,88,60,0.05,0
CSCI-B 561,Spring 2021,51,43,0.16,0
CSCI-B 561,Fall 2021,61,36,0.08,0
CSCI-B 561,Spring 2022,62,56,0.2,0
CSCI-B 561,Fall 2022,66,60,0.11,0
CSCI-B 561,Spring 2023,73,64,0.07,0
CSCI-B 561,Fall 2023,68,59,0.05,0
CSCI-B 561,Spring 2024,90,61,0.18,0
CSCI-B 561,Fall 2024,77,44,0.19,0
CSCI-B 565,Fall 2020,78,51,0.19,0
CSCI-B 565,Fall 2021,81,65,0.06,0
CSCI-B 565,Fall 2022,76,46,0.17,0
CSCI-B 565,Fall 2023,66,39,0.12,0
CSCI-B 565,Fall 2024,71,55,0.06,0
CSCI-B 581,Fall 2020,67,43,0.2,0
CSCI-B 581,Fall 2021,78,41,0.16,0
CSCI-B 581,Fall 2022,84,81,0.16,0
CSCI-B 581,Fall 2023,56,40,0.17,0
CSCI-B 581,Fall 2024,96,61,0.17,0
CSCI-B 590,Spring 2021,72,55,0.07,0
CSCI-B 590,Spring 2022,83,58,0.19,0
CSCI-B 590,Spring 2023,84,42,0.18,0
CSCI-B 590,Spring 2024,64,58,0.15,0
CSCI-B 599,Fall 2020,81,31,0.17,0
CSCI-B 599,Fall 2021,69,51,0.07,0
CSCI-B 599,Fall 2022,52,46,0.19,0
CSCI-B 599,Fall 2023,77,58,0.19,0
CSCI-B 599,Fall 2024,65,49,0.11,0
CSCI-B 609,Fall 2020,54,32,0.1,0
CSCI-B 609,Spring 2021,87,44,0.16,0
CSCI-B 609,Fall 2021,84,78,0.15,0
CSCI-B 609,Spring 2022,61,47,0.18,0
CSCI-B 609,Fall 2022,65,56,0.2,0
CSCI-B 609,Spring 2023,95,46,0.06,0
CSCI-B 609,Fall 2023,57,44,0.12,0
CSCI-B 609,Spring 2024,99,32,0.17,0
CSCI-B 609,Fall 2024,93,82,0.19,0
CSCI-B 619,Fall 2020,52,49,0.17,0
CSCI-B 619,Fall 2021,74,59,0.07,0
CSCI-B 619,Fall 2022,66,49,0.11,0
CSCI-B 619,Fall 2023,87,77,0.12,0
CSCI-B 619,Fall 2024,71,31,0.17,0
CSCI-B 622,Fall 2020,60,42,0.07,0
CSCI-B 622,Spring 2021,70,47,0.15,0
CSCI-B 622,Fall 2021,67,60,0.16,0
CSCI-B 622,Spring 2022,60,42,0.16,0
CSCI-B 622,Fall 2022,87,70,0.06,0
CSCI-B 622,Spring 2023,71,53,0.07,0
CSCI-B 622,Fall 2023,61,54,0.14,0
CSCI-B 622,Spring 2024,64,45,0.12,0
CSCI-B 622,Fall 2024,77,49,0.1,0
CSCI-B 629,Fall 2020,89,61,0.19,0
CSCI-B 629,Spring 2021,82,31,0.13,0
CSCI-B 629,Fall 2021,90,42,0.06,0
CSCI-B 629,Spring 2022,62,55,0.11,0
CSCI-B 629,Fall 2022,51,35,0.14,0
CSCI-B 629,Spring 2023,95,44,0.08,0
CSCI-B 629,Fall 2023,93,78,0.19,0
CSCI-B 629,Spring 2024,52,35,0.14,0
CSCI-B 629,Fall 2024,58,36,0.14,0
CSCI-B 639,Fall 2020,90,79,0.19,0
CSCI-B 639,Fall 2021,57,47,0.14,0
CSCI-B 639,Fall 2022,69,36,0.15,0
CSCI-B 639,Fall 2023,65,33,0.14,0
CSCI-B 639,Fall 2024,71,55,0.12,0
CSCI-B 649,Fall 2020,90,89,0.16,0
CSCI-B 649,Fall 2021,60,47,0.06,0
CSCI-B 649,Fall 2022,72,41,0.07,0
CSCI-B 649,Fall 2023,94,48,0.2,0
CSCI-B 649,Fall 2024,85,74,0.08,0
CSCI-B 651,Fall 2020,81,80,0.07,0
CSCI-B 651,Spring 2021,55,47,0.15,0
CSCI-B 651,Fall 2021,86,61,0.13,0
CSCI-B 651,Spring 2022,52,39,0.11,0
CSCI-B 651,Fall 2022,78,44,0.09,0
CSCI-B 651,Spring 2023,61,46,0.18,0
CSCI-B 651,Fall 2023,80,53,0.11,0
CSCI-B 651,Spring 2024,53,41,0.17,0
CSCI-B 651,Fall 2024,73,61,0.14,0
CSCI-B 652,Fall 2020,83,65,0.18,0
CSCI-B 652,Spring 2021,83,65,0.11,0
CSCI-B 652,Fall 2021,91,80,0.14,0
CSCI-B 652,Spring 2022,61,32,0.14,0
CSCI-B 652,Fall 2022,89,50,0.16,0
CSCI-B 652,Spring 2023,84,55,0.16,0
CSCI-B 652,Fall 2023,97,71,0.09,0
CSCI-B 652,Spring 2024,63,31,0.08,0
CSCI-B 652,Fall 2024,54,35,0.12,0
CSCI-B 656,Fall 2020,96,43,0.13,0
CSCI-B 656,Spring 2021,74,49,0.14,0
CSCI-B 656,Fall 2021,55,46,0.11,0
CSCI-B 656,Spring 2022,77,31,0.18,0
CSCI-B 656,Fall 2022,54,30,0.17,0
CSCI-B 656,Spring 2023,85,74,0.09,0
CSCI-B 656,Fall 2023,80,40,0.18,0
CSCI-B 656,Spring 2024,63,45,0.13,0
CSCI-B 656,Fall 2024,59,41,0.17,0
CSCI-B 657,Fall 2020,50,34,0.09,0
CSCI-B 657,Spring 2021,92,41,0.16,0
CSCI-B 657,Fall 2021,69,57,0.06,0
CSCI-B 657,Spring 2022,86,76,0.15,0
CSCI-B 657,Fall 2022,86,78,0.18,0
CSCI-B 657,Spring 2023,93,85,0.14,0
CSCI-B 657,Fall 2023,64,35,0.08,0
CSCI-B 657,Spring 2024,69,43,0.06,0
CSCI-B 657,Fall 2024,86,49,0.06,0
CSCI-B 659,Fall 2020,50,32,0.12,0
CSCI-B 659,Fall 2021,54,30,0.13,0
CSCI-B 659,Fall 2022,63,41,0.07,0
CSCI-B 659,Fall 2023,99,72,0.05,0
CSCI-B 659,Fall 2024,74,58,0.18,0
CSCI-B 673,Fall 2020,80,76,0.13,0
CSCI-B 673,Fall 2021,72,67,0.07,0
CSCI-B 673,Fall 2022,94,81,0.16,0
CSCI-B 673,Fall 2023,91,89,0.15,0
CSCI-B 673,Fall 2024,99,30,0.16,0
CSCI-B 690,Fall 2020,78,61,0.09,0
CSCI-B 690,Fall 2021,96,76,0.15,0
CSCI-B 690,Fall 2022,75,72,0.15,0
CSCI-B 690,Fall 2023,99,46,0.17,0
CSCI-B 690,Fall 2024,96,75,0.19,0
CSCI-C 102,Fall 2020,50,48,0.19,0
CSCI-C 102,Spring 2021,63,34,0.14,0
CSCI-C 102,Fall 2021,77,31,0.2,0
CSCI-C 102,Spring 2022,55,38,0.18,0
CSCI-C 102,Fall 2022,74,42,0.17,0
CSCI-C 102,Spring 2023,62,60,0.16,0
CSCI-C 102,Fall 2023,53,31,0.11,0
CSCI-C 102,Spring 2024,95,33,0.15,0
CSCI-C 102,Fall 2024,55,31,0.16,0
CSCI-C 200,Spring 2021,90,52,0.12,0
CSCI-C 200,Spring 2022,60,30,0.07,0
CSCI-C 200,Spring 2023,56,54,0.1,0
CSCI-C 200,Spring 2024,50,41,0.14,0
CSCI-C 211,Fall 2020,64,50,0.11,0
CSCI-C 211,Fall 2021,78,54,0.14,0
CSCI-C 211,Fall 2022,81,78,0.12,0
CSCI-C 211,Fall 2023,87,55,0.14,0
CSCI-C 211,Fall 2024,57,43,0.15,0
CSCI-C 212,Fall 2020,51,43,0.13,0
CSCI-C 212,Fall 2021,70,55,0.19,0
CSCI-C 212,Fall 2022,51,35,0.19,0
CSCI-C 212,Fall 2023,78,55,0.07,0
CSCI-C 212,Fall 2024,54,31,0.13,0
CSCI-C 231,Fall 2020,64,44,0.11,0
CSCI-C 231,Fall 2021,72,35,0.16,0
CSCI-C 231,Fall 2022,93,88,0.13,0
CSCI-C 231,Fall 2023,70,52,0.11,0
CSCI-C 231,Fall 2024,65,44,0.09,0
CSCI-C 241,Fall 2020,60,48,0.06,0
CSCI-C 241,Fall 2021,70,42,0.1,0
CSCI-C 241,Fall 2022,83,43,0.12,0
CSCI-C 241,Fall 2023,97,81,0.15,0
CSCI-C 241,Fall 2024,78,76,0.13,0
CSCI-C 290,Fall 2020,57,45,0.06,0
CSCI-C 290,Spring 2021,79,47,0.11,0
CSCI-C 290,Fall 2021,62,33,0.17,0
CSCI-C 290,Spring 2022,79,40,0.07,0
CSCI-C 290,Fall 2022,93,39,0.17,0
CSCI-C 290,Spring 2023,80,36,0.09,0
CSCI-C 290,Fall 2023,98,71,0.08,0
CSCI-C 290,Spring 2024,85,49,0.12,0
CSCI-C 290,Fall 2024,56,51,0.13,0
CSCI-C 291,Spring 2021,94,76,0.19,0
CSCI-C 291,Spring 2022,71,50,0.18,0
CSCI-C 291,Spring 2023,58,55,0.08,0
CSCI-C 291,Spring 2024,59,53,0.11,0
CSCI-C 292,Fall 2020,91,37,0.17,0
CSCI-C 292,Spring 2021,98,55,0.09,0
CSCI-C 292,Fall 2021,53,47,0.16,0
CSCI-C 292,Spring 2022,85,68,0.15,0
CSCI-C 292,Fall 2022,67,48,0.14,0
CSCI-C 292,Spring 2023,82,79,0.07,0
CSCI-C 292,Fall 2023,98,62,0.08,0
CSCI-C 292,Spring 2024,66,51,0.05,0
CSCI-C 292,Fall 2024,64,64,0.14,2
CSCI-C 295,Fall 2020,59,38,0.11,0
CSCI-C 295,Fall 2021,74,31,0.09,0
CSCI-C 295,Fall 2022,56,50,0.15,0
CSCI-C 295,Fall 2023,91,83,0.12,0
CSCI-C 295,Fall 2024,90,78,0.05,0
CSCI-C 311,Fall 2020,73,48,0.14,0
CSCI-C 311,Fall 2021,87,71,0.19,0
CSCI-C 311,Fall 2022,94,65,0.06,0
CSCI-C 311,Fall 2023,82,65,0.08,0
CSCI-C 311,Fall 2024,57,30,0.08,0
CSCI-C 322,Fall 2020,90,68,0.06,0
CSCI-C 322,Spring 2021,98,89,0.06,0
CSCI-C 322,Fall 2021,54,41,0.09,0
CSCI-C 322,Spring 2022,70,37,0.18,0
CSCI-C 322,Fall 2022,99,96,0.13,0
CSCI-C 322,Spring 2023,52,51,0.15,0
CSCI-C 322,Fall 2023,72,31,0.1,0
CSCI-C 322,Spring 2024,84,63,0.12,0
CSCI-C 322,Fall 2024,57,51,0.13,0
CSCI-C 323,Fall 2020,85,34,0.08,0
CSCI-C 323,Spring 2021,80,76,0.08,0
CSCI-C 323,Fall 2021,65,59,0.12,0
CSCI-C 323,Spring 2022,65,41,0.1,0
CSCI-C 323,Fall 2022,61,37,0.17,0
CSCI-C 323,Spring 2023,65,59,0.09,0
CSCI-C 323,Fall 2023,77,69,0.05,0
CSCI-C 323,Spring 2024,69,69,0.17,0
CSCI-C 323,Fall 2024,79,50,0.06,0
CSCI-C 335,Spring 2021,71,47,0.17,0
CSCI-C 335,Spring 2022,81,62,0.14,0
CSCI-C 335,Spring 2023,61,35,0.07,0
CSCI-C 335,Spring 2024,63,62,0.08,0
CSCI-C 343,Fall 2020,94,31,0.19,0
CSCI-C 343,Spring 2021,58,30,0.1,0
CSCI-C 343,Fall 2021,72,55,0.14,0
CSCI-C 343,Spring 2022,55,32,0.17,0
CSCI-C 343,Fall 2022,64,51,0.13,0
CSCI-C 343,Spring 2023,91,41,0.19,0
CSCI-C 343,Fall 2023,91,67,0.17,0
CSCI-C 343,Spring 2024,84,59,0.18,0
CSCI-C 343,Fall 2024,79,43,0.17,0
CSCI-C 460,Fall 2020,65,36,0.1,0
CSCI-C 460,Fall 2021,58,44,0.11,0
CSCI-C 460,Fall 2022,51,31,0.08,0
CSCI-C 460,Fall 2023,63,49,0.14,0
CSCI-C 460,Fall 2024,59,54,0.14,0
CSCI-C 470,Spring 2021,82,65,0.14,0
CSCI-C 470,Spring 2022,50,43,0.18,0
CSCI-C 470,Spring 2023,95,81,0.13,0
CSCI-C 470,Spring 2024,90,35,0.07,0
CSCI-C 581,Fall 2020,83,37,0.12,0
CSCI-C 581,Fall 2021,53,44,0.19,0
CSCI-C 581,Fall 2022,61,61,0.07,3
CSCI-C 581,Fall 2023,62,60,0.13,0
CSCI-C 581,Fall 2024,67,58,0.07,0
CSCI-G 901,Fall 2020,55,40,0.14,0
CSCI-G 901,Fall 2021,72,48,0.11,0
CSCI-G 901,Fall 2022,54,48,0.08,0
CSCI-G 901,Fall 2023,74,31,0.12,0
CSCI-G 901,Fall 2024,99,60,0.15,0
CSCI-H 200,Fall 2020,58,52,0.09,0
CSCI-H 200,Fall 2021,84,50,0.07,0
CSCI-H 200,Fall 2022,95,36,0.15,0
CSCI-H 200,Fall 2023,82,33,0.14,0
CSCI-H 200,Fall 2024,89,46,0.08,0
CSCI-H 211,Fall 2020,78,65,0.13,0
CSCI-H 211,Fall 2021,88,79,0.07,0
CSCI-H 211,Fall 2022,84,36,0.13,0
CSCI-H 211,Fall 2023,71,43,0.08,0
CSCI-H 211,Fall 2024,71,34,0.05,0
CSCI-H 212,Spring 2021,51,50,0.05,0
CSCI-H 212,Spring 2022,64,50,0.16,0
CSCI-H 212,Spring 2023,88,34,0.08,0
CSCI-H 212,Spring 2024,70,55,0.09,0
CSCI-H 241,Fall 2020,70,47,0.06,0
CSCI-H 241,Fall 2021,81,65,0.11,0
CSCI-H 241,Fall 2022,98,89,0.15,0
CSCI-H 241,Fall 2023,70,55,0.07,0
CSCI-H 241,Fall 2024,83,81,0.09,0
CSCI-H 311,Spring 2021,67,64,0.11,0
CSCI-H 311,Spring 2022,78,67,0.11,0
CSCI-H 311,Spring 2023,91,42,0.07,0
CSCI-H 311,Spring 2024,66,38,0.19,0
CSCI-H 335,Fall 2020,51,45,0.09,0
CSCI-H 335,Spring 2021,59,47,0.06,0
CSCI-H 335,Fall 2021,89,50,0.17,0
CSCI-H 335,Spring 2022,83,37,0.18,0
CSCI-H 335,Fall 2022,57,46,0.14,0
CSCI-H 335,Spring 2023,72,53,0.18,0
CSCI-H 335,Fall 2023,54,41,0.13,0
CSCI-H 335,Spring 2024,86,37,0.06,0
CSCI-H 335,Fall 2024,72,72,0.15,2
CSCI-H 343,Fall 2020,73,64,0.05,0
CSCI-H 343,Fall 2021,54,49,0.16,0
CSCI-H 343,Fall 2022,80,75,0.2,0
CSCI-H 343,Fall 2023,64,48,0.15,0
CSCI-H 343,Fall 2024,77,72,0.11,0
CSCI-P 415,Fall 2020,54,51,0.16,0
CSCI-P 415,Fall 2021,59,35,0.06,0
CSCI-P 415,Fall 2022,97,37,0.17,0
CSCI-P 415,Fall 2023,74,38,0.11,0
CSCI-P 415,Fall 2024,99,96,0.07,0
CSCI-P 423,Fall 2020,53,43,0.06,0
CSCI-P 423,Spring 2021,74,39,0.17,0
CSCI-P 423,Fall 2021,61,56,0.2,0
CSCI-P 423,Spring 2022,62,61,0.16,0
CSCI-P 423,Fall 2022,81,61,0.15,0
CSCI-P 423,Spring 2023,60,39,0.1,0
CSCI-P 423,Fall 2023,89,47,0.08,0
CSCI-P 423,Spring 2024,74,69,0.11,0
CSCI-P 423,Fall 2024,74,51,0.09,0
CSCI-P 424,Fall 2020,69,50,0.15,0
CSCI-P 424,Fall 2021,100,75,0.05,0
CSCI-P 424,Fall 2022,70,64,0.15,0
CSCI-P 424,Fall 2023,79,68,0.18,0
CSCI-P 424,Fall 2024,90,76,0.09,0
CSCI-P 434,Fall 2020,62,50,0.2,0
CSCI-P 434,Fall 2021,95,36,0.08,0
CSCI-P 434,Fall 2022,81,40,0.1,0
CSCI-P 434,Fall 2023,71,54,0.19,0
CSCI-P 434,Fall 2024,78,42,0.07,0
CSCI-P 436,Fall 2020,78,50,0.16,0
CSCI-P 436,Fall 2021,76,60,0.12,0
CSCI-P 436,Fall 2022,72,53,0.1,0
CSCI-P 436,Fall 2023,71,66,0.14,0
CSCI-P 436,Fall 2024,52,51,0.13,0
CSCI-P 438,Fall 2020,78,59,0.18,0
CSCI-P 438,Fall 2021,96,54,0.16,0
CSCI-P 438,Fall 2022,96,37,0.12,0
CSCI-P 438,Fall 2023,65,37,0.09,0
CSCI-P 438,Fall 2024,54,32,0.2,0
CSCI-P 442,Fall 2020,89,64,0.11,0
CSCI-P 442,Spring 2021,91,63,0.08,0
CSCI-P 442,Fall 2021,59,50,0.16,0
CSCI-P 442,Spring 2022,88,56,0.08,0
CSCI-P 442,Fall 2022,90,77,0.17,0
CSCI-P 442,Spring 2023,85,51,0.18,0
CSCI-P 442,Fall 2023,61,46,0.05,0
CSCI-P 442,Spring 2024,83,82,0.11,0
CSCI-P 442,Fall 2024,60,45,0.07,0
CSCI-P 462,Fall 2020,55,53,0.13,0
CSCI-P 462,Spring 2021,53,44,0.12,0
CSCI-P 462,Fall 2021,69,39,0.18,0
CSCI-P 462,Spring 2022,84,55,0.11,0
CSCI-P 462,Fall 2022,70,69,0.08,0
CSCI-P 462,Spring 2023,59,35,0.08,0
CSCI-P 462,Fall 2023,94,49,0.11,0
CSCI-P 462,Spring 2024,56,33,0.13,0
CSCI-P 462,Fall 2024,52,34,0.14,0
CSCI-P 465,Spring 2021,53,53,0.14,1
CSCI-P 465,Spring 2022,79,47,0.14,0
CSCI-P 465,Spring 2023,68,48,0.06,0
CSCI-P 465,Spring 2024,94,59,0.2,0
CSCI-P 466,Fall 2020,80,65,0.13,0
CSCI-P 466,Spring 2021,97,74,0.07,0
CSCI-P 466,Fall 2021,98,84,0.09,0
CSCI-P 466,Spring 2022,98,76,0.2,0
CSCI-P 466,Fall 2022,94,62,0.11,0
CSCI-P 466,Spring 2023,53,49,0.17,0
CSCI-P 466,Fall 2023,76,44,0.11,0
CSCI-P 466,Spring 2024,63,40,0.16,0
CSCI-P 466,Fall 2024,75,45,0.08,0
CSCI-P 515,Fall 2020,59,47,0.07,0
CSCI-P 515,Spring 2021,92,78,0.14,0
CSCI-P 515,Fall 2021,94,80,0.19,0
CSCI-P 515,Spring 2022,91,64,0.11,0
CSCI-P 515,Fall 2022,100,98,0.18,0
CSCI-P 515,Spring 2023,86,49,0.17,0
CSCI-P 515,Fall 2023,59,34,0.16,0
CSCI-P 515,Spring 2024,75,33,0.06,0
CSCI-P 515,Fall 2024,88,79,0.19,0
CSCI-P 523,Fall 2020,73,65,0.16,0
CSCI-P 523,Fall 2021,95,89,0.07,0
CSCI-P 523,Fall 2022,80,49,0.15,0
CSCI-P 523,Fall 2023,85,50,0.06,0
CSCI-P 523,Fall 2024,93,71,0.09,0
CSCI-P 532,Fall 2020,77,36,0.09,0
CSCI-P 532,Spring 2021,77,43,0.09,0
CSCI-P 532,Fall 2021,65,45,0.16,0
CSCI-P 532,Spring 2022,91,54,0.17,0
CSCI-P 532,Fall 2022,93,38,0.12,0
CSCI-P 532,Spring 2023,92,49,0.14,0
CSCI-P 532,Fall 2023,92,86,0.1,0
CSCI-P 532,Spring 2024,99,62,0.17,0
CSCI-P 532,Fall 2024,55,44,0.05,0
CSCI-P 535,Spring 2021,60,49,0.07,0
CSCI-P 535,Spring 2022,97,50,0.06,0
CSCI-P 535,Spring 2023,93,85,0.09,0
CSCI-P 535,Spring 2024,86,50,0.09,0
CSCI-P 536,Fall 2020,52,52,0.08,0
CSCI-P 536,Spring 2021,68,54,0.19,0
CSCI-P 536,Fall 2021,61,54,0.08,0
CSCI-P 536,Spring 2022,82,79,0.16,0
CSCI-P 536,Fall 2022,91,86,0.18,0
CSCI-P 536,Spring 2023,82,46,0.2,0
CSCI-P 536,Fall 2023,83,57,0.16,0
CSCI-P 536,Spring 2024,90,68,0.16,0
CSCI-P 536,Fall 2024,66,63,0.06,0
CSCI-P 538,Fall 2020,55,31,0.12,0
CSCI-P 538,Spring 2021,70,34,0.19,0
CSCI-P 538,Fall 2021,97,86,0.15,0
CSCI-P 538,Spring 2022,83,45,0.11,0
CSCI-P 538,Fall 2022,88,51,0.09,0
CSCI-P 538,Spring 2023,96,69,0.07,0
CSCI-P 538,Fall 2023,59,32,0.06,0
CSCI-P 538,Spring 2024,98,93,0.1,0
CSCI-P 538,Fall 2024,70,49,0.13,0
CSCI-P 542,Fall 2020,53,43,0.16,0
CSCI-P 542,Fall 2021,64,50,0.15,0
CSCI-P 542,Fall 2022,77,43,0.09,0
CSCI-P 542,Fall 2023,90,69,0.2,0
CSCI-P 542,Fall 2024,75,31,0.06,0
CSCI-P 556,Fall 2020,52,37,0.09,0
CSCI-P 556,Fall 2021,91,81,0.17,0
CSCI-P 556,Fall 2022,88,81,0.12,0
CSCI-P 556,Fall 2023,99,72,0.17,0
CSCI-P 556,Fall 2024,100,40,0.08,0
CSCI-P 565,Fall 2020,59,37,0.09,0
CSCI-P 565,Fall 2021,77,70,0.14,0
CSCI-P 565,Fall 2022,70,37,0.17,0
CSCI-P 565,Fall 2023,96,44,0.19,0
CSCI-P 565,Fall 2024,89,47,0.07,0
CSCI-P 566,Fall 2020,69,35,0.17,0
CSCI-P 566,Fall 2021,56,45,0.18,0
CSCI-P 566,Fall 2022,52,47,0.08,0
CSCI-P 566,Fall 2023,87,62,0.14,0
CSCI-P 566,Fall 2024,57,34,0.16,0
CSCI-P 573,Fall 2020,97,33,0.17,0
CSCI-P 573,Spring 2021,95,48,0.18,0
CSCI-P 573,Fall 2021,61,40,0.13,0
CSCI-P 573,Spring 2022,65,30,0.11,0
CSCI-P 573,Fall 2022,70,59,0.15,0
CSCI-P 573,Spring 2023,53,35,0.2,0
CSCI-P 573,Fall 2023,76,34,0.13,0
CSCI-P 573,Spring 2024,82,33,0.16,0
CSCI-P 573,Fall 2024,83,55,0.06,0
CSCI-P 632,Fall 2020,54,32,0.08,0
CSCI-P 632,Spring 2021,78,38,0.17,0
CSCI-P 632,Fall 2021,99,35,0.16,0
CSCI-P 632,Spring 2022,93,86,0.12,0
CSCI-P 632,Fall 2022,96,32,0.18,0
CSCI-P 632,Spring 2023,79,55,0.09,0
CSCI-P 632,Fall 2023,77,55,0.07,0
CSCI-P 632,Spring 2024,70,64,0.07,0
CSCI-P 632,Fall 2024,90,80,0.12,0
CSCI-T 500,Fall 2020,60,54,0.12,0
CSCI-T 500,Fall 2021,71,46,0.18,0
CSCI-T 500,Fall 2022,60,59,0.2,0
CSCI-T 500,Fall 2023,84,62,0.07,0
CSCI-T 500,Fall 2024,65,63,0.1,0
CSCI-T 510,Spring 2021,89,85,0.06,0
CSCI-T 510,Spring 2022,88,35,0.18,0
CSCI-T 510,Spring 2023,50,37,0.06,0
CSCI-T 510,Spring 2024,52,33,0.18,0
CSCI-T 599,Fall 2020,96,67,0.1,0
CSCI-T 599,Fall 2021,70,64,0.16,0
CSCI-T 599,Fall 2022,95,43,0.19,0
CSCI-T 599,Fall 2023,66,38,0.17,0
CSCI-T 599,Fall 2024,62,44,0.09,0
CSCI-Y 390,Fall 2020,82,35,0.15,0
CSCI-Y 390,Fall 2021,72,56,0.11,0
CSCI-Y 390,Fall 2022,95,67,0.08,0
CSCI-Y 390,Fall 2023,57,32,0.11,0
CSCI-Y 390,Fall 2024,63,49,0.05,0
CSCI-Y 391,Fall 2020,89,53,0.05,0
CSCI-Y 391,Fall 2021,87,52,0.07,0
CSCI-Y 391,Fall 2022,68,32,0.16,0
CSCI-Y 391,Fall 2023,58,57,0.05,0
CSCI-Y 391,Fall 2024,56,43,0.16,0
CSCI-Y 395,Fall 2020,68,43,0.08,0
CSCI-Y 395,Fall 2021,85,69,0.09,0
CSCI-Y 395,Fall 2022,58,30,0.12,0
CSCI-Y 395,Fall 2023,74,43,0.14,0
CSCI-Y 395,Fall 2024,84,70,0.09,0
CSCI-Y 399,Fall 2020,79,70,0.06,0
CSCI-Y 399,Spring 2021,53,37,0.18,0
CSCI-Y 399,Fall 2021,95,70,0.2,0
CSCI-Y 399,Spring 2022,65,58,0.18,0
CSCI-Y 399,Fall 2022,97,59,0.11,0
CSCI-Y 399,Spring 2023,60,43,0.18,0
CSCI-Y 399,Fall 2023,70,34,0.09,0
CSCI-Y 399,Spring 2024,86,32,0.12,0
CSCI-Y 399,Fall 2024,58,58,0.05,2
CSCI-Y 499,Fall 2020,66,63,0.18,0
CSCI-Y 499,Fall 2021,50,37,0.13,0
CSCI-Y 499,Fall 2022,96,69,0.1,0
CSCI-Y 499,Fall 2023,61,43,0.17,0
CSCI-Y 499,Fall 2024,90,48,0.18,0
CSCI-Y 790,Spring 2021,78,51,0.14,0
CSCI-Y 790,Spring 2022,100,67,0.14,0
CSCI-Y 790,Spring 2023,78,33,0.15,0
CSCI-Y 790,Spring 2024,77,57,0.09,0
CSCI-Y 791,Fall 2020,61,42,0.2,0
CSCI-Y 791,Spring 2021,93,31,0.09,0
CSCI-Y 791,Fall 2021,76,70,0.13,0
CSCI-Y 791,Spring 2022,72,67,0.06,0
CSCI-Y 791,Fall 2022,74,47,0.1,0
CSCI-Y 791,Spring 2023,61,35,0.06,0
CSCI-Y 791,Fall 2023,57,48,0.09,0
CSCI-Y 791,Spring 2024,50,42,0.12,0
CSCI-Y 791,Fall 2024,89,43,0.14,0
CSCI-Y 792,Fall 2020,94,85,0.14,0
CSCI-Y 792,Fall 2021,87,78,0.05,0
CSCI-Y 792,Fall 2022,57,40,0.18,0
CSCI-Y 792,Fall 2023,82,55,0.12,0
CSCI-Y 792,Fall 2024,98,93,0.13,0
CSCI-Y 793,Fall 2020,92,83,0.19,0
CSCI-Y 793,Spring 2021,58,53,0.06,0
CSCI-Y 793,Fall 2021,90,46,0.07,0
CSCI-Y 793,Spring 2022,100,88,0.13,0
CSCI-Y 793,Fall 2022,90,68,0.12,0
CSCI-Y 793,Spring 2023,60,43,0.2,0
CSCI-Y 793,Fall 2023,62,30,0.11,0
CSCI-Y 793,Spring 2024,68,41,0.18,0
CSCI-Y 793,Fall 2024,94,41,0.15,0
CSCI-Y 798,Fall 2020,82,74,0.16,0
CSCI-Y 798,Spring 2021,77,34,0.05,0
CSCI-Y 798,Fall 2021,76,75,0.06,0
CSCI-Y 798,Spring 2022,94,76,0.06,0
CSCI-Y 798,Fall 2022,96,47,0.07,0
CSCI-Y 798,Spring 2023,79,62,0.12,0
CSCI-Y 798,Fall 2023,67,66,0.07,0
CSCI-Y 798,Spring 2024,77,69,0.16,0
CSCI-Y 798,Fall 2024,82,41,0.06,0
CSCI-Y 799,Fall 2020,64,31,0.15,0
CSCI-Y 799,Fall 2021,90,39,0.1,0
CSCI-Y 799,Fall 2022,60,42,0.05,0
CSCI-Y 799,Fall 2023,67,38,0.14,0
CSCI-Y 799,Fall 2024,77,32,0.16,0
CSCI-Y 890,Fall 2020,76,31,0.13,0
CSCI-Y 890,Fall 2021,52,45,0.2,0
CSCI-Y 890,Fall 2022,51,46,0.15,0
CSCI-Y 890,Fall 2023,61,32,0.12,0
CSCI-Y 890,Fall 2024,94,91,0.13,0
CJUS-K 300,Fall 2020,80,54,0.16,0
CJUS-K 300,Fall 2021,87,57,0.11,0
CJUS-K 300,Fall 2022,92,47,0.11,0
CJUS-K 300,Fall 2023,94,82,0.18,0
CJUS-K 300,Fall 2024,79,73,0.17,0
CJUS-P 100,Fall 2020,52,32,0.18,0
CJUS-P 100,Fall 2021,64,52,0.1,0
CJUS-P 100,Fall 2022,97,61,0.11,0
CJUS-P 100,Fall 2023,85,62,0.13,0
CJUS-P 100,Fall 2024,83,57,0.11,0
CJUS-P 200,Fall 2020,53,34,0.18,0
CJUS-P 200,Fall 2021,50,44,0.07,0
CJUS-P 200,Fall 2022,78,39,0.15,0
CJUS-P 200,Fall 2023,77,64,0.1,0
CJUS-P 200,Fall 2024,80,56,0.11,0
CJUS-P 245,Spring 2021,98,67,0.18,0
CJUS-P 245,Spring 2022,57,31,0.18,0
CJUS-P 245,Spring 2023,61,35,0.12,0
CJUS-P 245,Spring 2024,53,46,0.07,0
CJUS-P 250,Spring 2021,54,53,0.2,0
CJUS-P 250,Spring 2022,52,40,0.07,0
CJUS-P 250,Spring 2023,75,56,0.08,0
CJUS-P 250,Spring 2024,92,56,0.07,0
CJUS-P 290,Fall 2020,99,35,0.16,0
CJUS-P 290,Fall 2021,64,59,0.07,0
CJUS-P 290,Fall 2022,86,71,0.11,0
CJUS-P 290,Fall 2023,84,52,0.12,0
CJUS-P 290,Fall 2024,67,38,0.2,0
CJUS-P 300,Fall 2020,62,46,0.11,0
CJUS-P 300,Fall 2021,97,51,0.13,0
CJUS-P 300,Fall 2022,86,70,0.13,0
CJUS-P 300,Fall 2023,83,74,0.16,0
CJUS-P 300,Fall 2024,72,32,0.1,0
CJUS-P 302,Fall 2020,81,74,0.08,0
CJUS-P 302,Spring 2021,98,75,0.15,0
CJUS-P 302,Fall 2021,70,40,0.13,0
CJUS-P 302,Spring 2022,100,30,0.14,0
CJUS-P 302,Fall 2022,73,64,0.07,0
CJUS-P 302,Spring 2023,83,40,0.08,0
CJUS-P 302,Fall 2023,66,64,0.18,0
CJUS-P 302,Spring 2024,89,51,0.14,0
CJUS-P 302,Fall 2024,68,66,0.16,0
CJUS-P 304,Fall 2020,57,57,0.18,4
CJUS-P 304,Fall 2021,85,83,0.08,0
CJUS-P 304,Fall 2022,76,63,0.16,0
CJUS-P 304,Fall 2023,94,76,0.18,0
CJUS-P 304,Fall 2024,70,40,0.13,0
CJUS-P 306,Fall 2020,54,46,0.15,0
CJUS-P 306,Fall 2021,90,75,0.06,0
CJUS-P 306,Fall 2022,55,46,0.19,0
CJUS-P 306,Fall 2023,75,73,0.12,0
CJUS-P 306,Fall 2024,81,35,0.14,0
CJUS-P 307,Fall 2020,85,67,0.13,0
CJUS-P 307,Fall 2021,73,52,0.11,0
CJUS-P 307,Fall 2022,60,54,0.1,0
CJUS-P 307,Fall 2023,66,43,0.12,0
CJUS-P 307,Fall 2024,77,76,0.16,0
CJUS-P 311,Fall 2020,53,36,0.19,0
CJUS-P 311,Spring 2021,97,74,0.12,0
CJUS-P 311,Fall 2021,98,48,0.1,0
CJUS-P 311,Spring 2022,52,34,0.13,0
CJUS-P 311,Fall 2022,95,90,0.19,0
CJUS-P 311,Spring 2023,65,61,0.19,0
CJUS-P 311,Fall 2023,71,32,0.15,0
CJUS-P 311,Spring 2024,91,91,0.15,3
CJUS-P 311,Fall 2024,51,38,0.09,0
CJUS-P 314,Fall 2020,79,59,0.05,0
CJUS-P 314,Fall 2021,68,37,0.2,0
CJUS-P 314,Fall 2022,89,36,0.05,0
CJUS-P 314,Fall 2023,52,30,0.1,0
CJUS-P 314,Fall 2024,86,30,0.06,0
CJUS-P 316,Spring 2021,62,37,0.17,0
CJUS-P 316,Spring 2022,58,30,0.18,0
CJUS-P 316,Spring 2023,51,37,0.11,0
CJUS-P 316,Spring 2024,83,75,0.09,0
CJUS-P 317,Fall 2020,53,35,0.1,0
CJUS-P 317,Spring 2021,57,32,0.14,0
CJUS-P 317,Fall 2021,62,61,0.06,0
CJUS-P 317,Spring 2022,68,67,0.09,0
CJUS-P 317,Fall 2022,89,46,0.13,0
CJUS-P 317,Spring 2023,91,89,0.16,0
CJUS-P 317,Fall 2023,51,31,0.16,0
CJUS-P 317,Spring 2024,96,60,0.08,0
CJUS-P 317,Fall 2024,88,32,0.17,0
CJUS-P 320,Fall 2020,63,56,0.05,0
CJUS-P 320,Fall 2021,88,82,0.18,0
CJUS-P 320,Fall 2022,66,59,0.2,0
CJUS-P 320,Fall 2023,70,48,0.1,0
CJUS-P 320,Fall 2024,74,51,0.08,0
CJUS-P 321,Fall 2020,72,61,0.12,0
CJUS-P 321,Spring 2021,59,33,0.14,0
CJUS-P 321,Fall 2021,69,61,0.13,0
CJUS-P 321,Spring 2022,99,57,0.09,0
CJUS-P 321,Fall 2022,73,44,0.13,0
CJUS-P 321,Spring 2023,53,42,0.19,0
CJUS-P 321,Fall 2023,57,47,0.11,0
CJUS-P 321,Spring 2024,80,43,0.18,0
CJUS-P 321,Fall 2024,83,40,0.09,0
CJUS-P 330,Fall 2020,98,86,0.05,0
CJUS-P 330,Fall 2021,78,55,0.16,0
CJUS-P 330,Fall 2022,71,67,0.18,0
CJUS-P 330,Fall 2023,73,37,0.05,0
CJUS-P 330,Fall 2024,54,41,0.16,0
CJUS-P 332,Spring 2021,78,57,0.07,0
CJUS-P 332,Spring 2022,50,40,0.09,0
CJUS-P 332,Spring 2023,76,63,0.1,0
CJUS-P 332,Spring 2024,85,47,0.18,0
CJUS-P 333,Spring 2021,62,48,0.19,0
CJUS-P 333,Spring 2022,97,85,0.19,0
CJUS-P 333,Spring 2023,86,46,0.15,0
CJUS-P 333,Spring 2024,75,58,0.11,0
CJUS-P 370,Spring 2021,76,54,0.16,0
CJUS-P 370,Spring 2022,59,44,0.08,0
CJUS-P 370,Spring 2023,70,42,0.08,0
CJUS-P 370,Spring 2024,73,73,0.07,3
CJUS-P 371,Fall 2020,96,54,0.09,0
CJUS-P 371,Fall 2021,70,49,0.17,0
CJUS-P 371,Fall 2022,61,34,0.06,0
CJUS-P 371,Fall 2023,86,83,0.19,0
CJUS-P 371,Fall 2024,77,70,0.12,0
CJUS-P 375,Fall 2020,97,47,0.15,0
CJUS-P 375,Spring 2021,84,73,0.05,0
CJUS-P 375,Fall 2021,56,38,0.08,0
CJUS-P 375,Spring 2022,86,42,0.11,0
CJUS-P 375,Fall 2022,51,45,0.11,0
CJUS-P 375,Spring 2023,87,40,0.16,0
CJUS-P 375,Fall 2023,71,62,0.17,0
CJUS-P 375,Spring 2024,72,63,0.11,0
CJUS-P 375,Fall 2024,57,36,0.07,0
CJUS-P 380,Fall 2020,52,35,0.15,0
CJUS-P 380,Fall 2021,70,57,0.16,0
CJUS-P 380,Fall 2022,50,33,0.06,0
CJUS-P 380,Fall 2023,92,64,0.15,0
CJUS-P 380,Fall 2024,98,83,0.13,0
CJUS-P 399,Fall 2020,93,76,0.18,0
CJUS-P 399,Fall 2021,95,42,0.11,0
CJUS-P 399,Fall 2022,73,31,0.05,0
CJUS-P 399,Fall 2023,85,43,0.11,0
CJUS-P 399,Fall 2024,74,32,0.11,0
CJUS-P 401,Fall 2020,66,41,0.14,0
CJUS-P 401,Fall 2021,73,58,0.12,0
CJUS-P 401,Fall 2022,85,55,0.15,0
CJUS-P 401,Fall 2023,69,57,0.09,0
CJUS-P 401,Fall 2024,66,57,0.2,0
CJUS-P 406,Spring 2021,76,71,0.17,0
CJUS-P 406,Spring 2022,79,70,0.07,0
CJUS-P 406,Spring 2023,55,36,0.05,0
CJUS-P 406,Spring 2024,74,62,0.16,0
CJUS-P 407,Spring 2021,56,49,0.15,0
CJUS-P 407,Spring 2022,61,45,0.14,0
CJUS-P 407,Spring 2023,85,42,0.2,0
CJUS-P 407,Spring 2024,96,80,0.05,0
CJUS-P 408,Fall 2020,60,37,0.17,0
CJUS-P 408,Fall 2021,74,37,0.08,0
CJUS-P 408,Fall 2022,53,37,0.06,0
CJUS-P 408,Fall 2023,90,58,0.09,0
CJUS-P 408,Fall 2024,77,42,0.16,0
CJUS-P 411,Spring 2021,72,55,0.14,0
CJUS-P 411,Spring 2022,89,38,0.09,0
CJUS-P 411,Spring 2023,81,49,0.13,0
CJUS-P 411,Spring 2024,64,61,0.06,0
CJUS-P 413,Fall 2020,90,46,0.08,0
CJUS-P 413,Fall 2021,93,36,0.07,0
CJUS-P 413,Fall 2022,75,54,0.17,0
CJUS-P 413,Fall 2023,94,40,0.2,0
CJUS-P 413,Fall 2024,57,37,0.19,0
CJUS-P 414,Spring 2021,80,57,0.15,0
CJUS-P 414,Spring 2022,50,46,0.19,0
CJUS-P 414,Spring 2023,87,53,0.16,0
CJUS-P 414,Spring 2024,96,60,0.16,0
CJUS-P 415,Fall 2020,99,55,0.07,0
CJUS-P 415,Fall 2021,54,49,0.14,0
CJUS-P 415,Fall 2022,60,53,0.07,0
CJUS-P 415,Fall 2023,99,67,0.13,0
CJUS-P 415,Fall 2024,64,61,0.13,0
CJUS-P 420,Spring 2021,70,34,0.14,0
CJUS-P 420,Spring 2022,71,47,0.13,0
CJUS-P 420,Spring 2023,95,42,0.12,0
CJUS-P 420,Spring 2024,52,35,0.12,0
CJUS-P 421,Fall 2020,93,74,0.06,0
CJUS-P 421,Fall 2021,82,46,0.2,0
CJUS-P 421,Fall 2022,62,40,0.11,0
CJUS-P 421,Fall 2023,93,35,0.07,0
CJUS-P 421,Fall 2024,53,32,0.12,0
CJUS-P 425,Fall 2020,75,41,0.09,0
CJUS-P 425,Spring 2021,74,47,0.14,0
CJUS-P 425,Fall 2021,87,83,0.05,0
CJUS-P 425,Spring 2022,55,33,0.17,0
CJUS-P 425,Fall 2022,78,63,0.15,0
CJUS-P 425,Spring 2023,92,82,0.19,0
CJUS-P 425,Fall 2023,83,37,0.07,0
CJUS-P 425,Spring 2024,57,33,0.09,0
CJUS-P 425,Fall 2024,50,40,0.15,0
CJUS-P 426,Fall 2020,69,53,0.16,0
CJUS-P 426,Fall 2021,78,51,0.14,0
CJUS-P 426,Fall 2022,86,39,0.17,0
CJUS-P 426,Fall 2023,77,57,0.08,0
CJUS-P 426,Fall 2024,92,50,0.08,0
CJUS-P 432,Fall 2020,89,31,0.13,0
CJUS-P 432,Fall 2021,97,51,0.11,0
CJUS-P 432,Fall 2022,78,32,0.18,0
CJUS-P 432,Fall 2023,94,39,0.19,0
CJUS-P 432,Fall 2024,76,63,0.2,0
CJUS-P 433,Fall 2020,81,54,0.16,0
CJUS-P 433,Fall 2021,98,96,0.11,0
CJUS-P 433,Fall 2022,79,64,0.06,0
CJUS-P 433,Fall 2023,88,56,0.09,0
CJUS-P 433,Fall 2024,66,47,0.2,0
CJUS-P 439,Fall 2020,78,49,0.14,0
CJUS-P 439,Spring 2021,67,33,0.18,0
CJUS-P 439,Fall 2021,50,42,0.2,0
CJUS-P 439,Spring 2022,72,39,0.18,0
CJUS-P 439,Fall 2022,90,70,0.08,0
CJUS-P 439,Spring 2023,50,46,0.07,0
CJUS-P 439,Fall 2023,94,70,0.19,0
CJUS-P 439,Spring 2024,54,40,0.13,0
CJUS-P 439,Fall 2024,70,64,0.1,0
CJUS-P 440,Fall 2020,100,48,0.07,0
CJUS-P 440,Spring 2021,56,44,0.19,0
CJUS-P 440,Fall 2021,75,69,0.11,0
CJUS-P 440,Spring 2022,63,33,0.17,0
CJUS-P 440,Fall 2022,69,44,0.13,0
CJUS-P 440,Spring 2023,94,37,0.08,0
CJUS-P 440,Fall 2023,68,68,0.05,0
CJUS-P 440,Spring 2024,76,33,0.09,0
CJUS-P 440,Fall 2024,84,66,0.12,0
CJUS-P 444,Fall 2020,96,53,0.17,0
CJUS-P 444,Fall 2021,85,63,0.17,0
CJUS-P 444,Fall 2022,73,71,0.17,0
CJUS-P 444,Fall 2023,83,78,0.13,0
CJUS-P 444,Fall 2024,72,34,0.11,0
CJUS-P 457,Spring 2021,90,86,0.14,0
CJUS-P 457,Spring 2022,55,34,0.16,0
CJUS-P 457,Spring 2023,89,36,0.08,0
CJUS-P 457,Spring 2024,70,49,0.08,0
CJUS-P 458,Fall 2020,100,76,0.08,0
CJUS-P 458,Spring 2021,61,35,0.16,0
CJUS-P 458,Fall 2021,85,76,0.11,0
CJUS-P 458,Spring 2022,62,52,0.14,0
CJUS-P 458,Fall 2022,79,66,0.16,0
CJUS-P 458,Spring 2023,76,43,0.07,0
CJUS-P 458,Fall 2023,97,76,0.17,0
CJUS-P 458,Spring 2024,88,45,0.16,0
CJUS-P 458,Fall 2024,70,50,0.07,0
CJUS-P 493,Spring 2021,65,60,0.16,0
CJUS-P 493,Spring 2022,81,63,0.17,0
CJUS-P 493,Spring 2023,58,46,0.19,0
CJUS-P 493,Spring 2024,59,51,0.09,0
CJUS-P 499,Spring 2021,53,45,0.09,0
CJUS-P 499,Spring 2022,74,50,0.13,0
CJUS-P 499,Spring 2023,98,94,0.16,0
CJUS-P 499,Spring 2024,100,65,0.2,0
CJUS-P 501,Fall 2020,73,31,0.15,0
CJUS-P 501,Fall 2021,81,68,0.12,0
CJUS-P 501,Fall 2022,50,44,0.15,0
CJUS-P 501,Fall 2023,88,86,0.09,0
CJUS-P 501,Fall 2024,90,58,0.07,0
CJUS-P 502,Fall 2020,55,35,0.15,0
CJUS-P 502,Fall 2021,52,46,0.16,0
CJUS-P 502,Fall 2022,61,45,0.13,0
CJUS-P 502,Fall 2023,50,46,0.11,0
CJUS-P 502,Fall 2024,64,61,0.11,0
CJUS-P 503,Fall 2020,53,47,0.05,0
CJUS-P 503,Spring 2021,92,81,0.07,0
CJUS-P 503,Fall 2021,63,62,0.2,0
CJUS-P 503,Spring 2022,53,53,0.16,2
CJUS-P 503,Fall 2022,55,54,0.13,0
CJUS-P 503,Spring 2023,89,48,0.11,0
CJUS-P 503,Fall 2023,54,45,0.18,0
CJUS-P 503,Spring 2024,62,48,0.11,0
CJUS-P 503,Fall 2024,92,39,0.17,0
CJUS-P 504,Fall 2020,80,33,0.14,0
CJUS-P 504,Spring 2021,51,51,0.15,4
CJUS-P 504,Fall 2021,57,36,0.1,0
CJUS-P 504,Spring 2022,52,47,0.17,0
CJUS-P 504,Fall 2022,68,47,0.09,0
CJUS-P 504,Spring 2023,57,57,0.08,3
CJUS-P 504,Fall 2023,60,34,0.1,0
CJUS-P 504,Spring 2024,66,35,0.1,0
CJUS-P 504,Fall 2024,77,43,0.14,0
CJUS-P 505,Spring 2021,82,79,0.11,0
CJUS-P 505,Spring 2022,68,51,0.1,0
CJUS-P 505,Spring 2023,51,44,0.11,0
CJUS-P 505,Spring 2024,82,42,0.17,0
CJUS-P 515,Fall 2020,56,44,0.07,0
CJUS-P 515,Fall 2021,72,48,0.17,0
CJUS-P 515,Fall 2022,78,49,0.09,0
CJUS-P 515,Fall 2023,67,39,0.19,0
CJUS-P 515,Fall 2024,57,55,0.12,0
CJUS-P 517,Fall 2020,59,46,0.07,0
CJUS-P 517,Fall 2021,54,38,0.16,0
CJUS-P 517,Fall 2022,75,49,0.11,0
CJUS-P 517,Fall 2023,76,41,0.06,0
CJUS-P 517,Fall 2024,52,39,0.13,0
CJUS-P 550,Fall 2020,84,45,0.14,0
CJUS-P 550,Spring 2021,73,39,0.15,0
CJUS-P 550,Fall 2021,75,72,0.14,0
CJUS-P 550,Spring 2022,76,58,0.19,0
CJUS-P 550,Fall 2022,69,56,0.11,0
CJUS-P 550,Spring 2023,69,48,0.14,0
CJUS-P 550,Fall 2023,96,95,0.09,0
CJUS-P 550,Spring 2024,83,51,0.19,0
CJUS-P 550,Fall 2024,64,56,0.15,0
CJUS-P 594,Fall 2020,82,61,0.14,0
CJUS-P 594,Spring 2021,90,88,0.09,0
CJUS-P 594,Fall 2021,51,33,0.19,0
CJUS-P 594,Spring 2022,75,54,0.07,0
CJUS-P 594,Fall 2022,64,51,0.19,0
CJUS-P 594,Spring 2023,70,51,0.14,0
CJUS-P 594,Fall 2023,79,54,0.06,0
CJUS-P 594,Spring 2024,50,46,0.11,0
CJUS-P 594,Fall 2024,56,46,0.13,0
CJUS-P 595,Fall 2020,68,30,0.08,0
CJUS-P 595,Spring 2021,58,42,0.14,0
CJUS-P 595,Fall 2021,81,61,0.08,0
CJUS-P 595,Spring 2022,87,46,0.12,0
CJUS-P 595,Fall 2022,76,64,0.18,0
CJUS-P 595,Spring 2023,70,54,0.12,0
CJUS-P 595,Fall 2023,64,33,0.12,0
CJUS-P 595,Spring 2024,58,56,0.05,0
CJUS-P 595,Fall 2024,77,46,0.13,0
CJUS-P 596,Fall 2020,90,71,0.16,0
CJUS-P 596,Spring 2021,94,69,0.15,0
CJUS-P 596,Fall 2021,72,61,0.19,0
CJUS-P 596,Spring 2022,82,75,0.09,0
CJUS-P 596,Fall 2022,97,63,0.06,0
CJUS-P 596,Spring 2023,99,96,0.08,0
CJUS-P 596,Fall 2023,82,40,0.14,0
CJUS-P 596,Spring 2024,79,77,0.1,0
CJUS-P 596,Fall 2024,67,67,0.11,3
CJUS-P 599,Spring 2021,62,32,0.14,0
CJUS-P 599,Spring 2022,50,43,0.09,0
CJUS-P 599,Spring 2023,95,35,0.17,0
CJUS-P 599,Spring 2024,88,78,0.18,0
CJUS-P 602,Fall 2020,82,66,0.15,0
CJUS-P 602,Fall 2021,70,31,0.14,0
CJUS-P 602,Fall 2022,92,88,0.16,0
CJUS-P 602,Fall 2023,89,65,0.13,0
CJUS-P 602,Fall 2024,92,66,0.17,0
CJUS-P 610,Fall 2020,67,63,0.13,0
CJUS-P 610,Fall 2021,60,55,0.05,0
CJUS-P 610,Fall 2022,53,51,0.13,0
CJUS-P 610,Fall 2023,92,83,0.05,0
CJUS-P 610,Fall 2024,77,44,0.09,0
CJUS-P 619,Fall 2020,52,43,0.05,0
CJUS-P 619,Spring 2021,50,35,0.07,0
CJUS-P 619,Fall 2021,97,58,0.06,0
CJUS-P 619,Spring 2022,59,57,0.15,0
CJUS-P 619,Fall 2022,56,32,0.17,0
CJUS-P 619,Spring 2023,69,48,0.07,0
CJUS-P 619,Fall 2023,54,30,0.1,0
CJUS-P 619,Spring 2024,76,71,0.13,0
CJUS-P 619,Fall 2024,70,53,0.17,0
CJUS-P 623,Spring 2021,95,61,0.17,0
CJUS-P 623,Spring 2022,54,33,0.14,0
CJUS-P 623,Spring 2023,98,87,0.19,0
CJUS-P 623,Spring 2024,82,78,0.07,0
CJUS-P 627,Fall 2020,58,35,0.13,0
CJUS-P 627,Fall 2021,84,68,0.08,0
CJUS-P 627,Fall 2022,54,39,0.18,0
CJUS-P 627,Fall 2023,61,52,0.12,0
CJUS-P 627,Fall 2024,79,51,0.09,0
CJUS-P 629,Fall 2020,96,66,0.11,0
CJUS-P 629,Fall 2021,81,75,0.11,0
CJUS-P 629,Fall 2022,97,52,0.11,0
CJUS-P 629,Fall 2023,89,50,0.16,0
CJUS-P 629,Fall 2024,55,41,0.13,0
CJUS-P 634,Spring 2021,71,62,0.1,0
CJUS-P 634,Spring 2022,92,61,0.18,0
CJUS-P 634,Spring 2023,63,39,0.15,0
CJUS-P 634,Spring 2024,100,65,0.07,0
CJUS-P 639,Fall 2020,91,57,0.1,0
CJUS-P 639,Fall 2021,88,84,0.09,0
CJUS-P 639,Fall 2022,68,44,0.16,0
CJUS-P 639,Fall 2023,73,37,0.2,0
CJUS-P 639,Fall 2024,58,44,0.16,0
CJUS-P 671,Fall 2020,82,48,0.15,0
CJUS-P 671,Fall 2021,89,76,0.16,0
CJUS-P 671,Fall 2022,78,63,0.11,0
CJUS-P 671,Fall 2023,50,31,0.05,0
CJUS-P 671,Fall 2024,96,77,0.14,0
CJUS-P 680,Spring 2021,78,68,0.07,0
CJUS-P 680,Spring 2022,75,46,0.08,0
CJUS-P 680,Spring 2023,54,46,0.15,0
CJUS-P 680,Spring 2024,98,82,0.17,0
CJUS-P 694,Spring 2021,66,54,0.15,0
CJUS-P 694,Spring 2022,52,44,0.18,0
CJUS-P 694,Spring 2023,92,61,0.16,0
CJUS-P 694,Spring 2024,65,54,0.16,0
CJUS-P 794,Spring 2021,58,53,0.16,0
CJUS-P 794,Spring 2022,78,51,0.18,0
CJUS-P 794,Spring 2023,100,80,0.09,0
CJUS-P 794,Spring 2024,56,43,0.13,0
CJUS-P 851,Fall 2020,68,31,0.11,0
CJUS-P 851,Fall 2021,64,32,0.05,0
CJUS-P 851,Fall 2022,95,59,0.15,0
CJUS-P 851,Fall 2023,67,31,0.06,0
CJUS-P 851,Fall 2024,71,35,0.11,0
CJUS-P 855,Fall 2020,89,65,0.18,0
CJUS-P 855,Spring 2021,98,74,0.12,0
CJUS-P 855,Fall 2021,62,44,0.08,0
CJUS-P 855,Spring 2022,78,71,0.1,0
CJUS-P 855,Fall 2022,68,32,0.1,0
CJUS-P 855,Spring 2023,89,88,0.16,0
CJUS-P 855,Fall 2023,53,49,0.06,0
CJUS-P 855,Spring 2024,80,72,0.19,0
CJUS-P 855,Fall 2024,79,72,0.17,0
CJUS-P 859,Fall 2020,98,38,0.05,0
CJUS-P 859,Fall 2021,83,44,0.06,0
CJUS-P 859,Fall 2022,85,37,0.11,0
CJUS-P 859,Fall 2023,86,77,0.16,0
CJUS-P 859,Fall 2024,88,61,0.13,0
DSCI-D 321,Fall 2020,66,64,0.15,0
DSCI-D 321,Fall 2021,93,58,0.11,0
DSCI-D 321,Fall 2022,77,38,0.1,0
DSCI-D 321,Fall 2023,55,55,0.19,2
DSCI-D 321,Fall 2024,70,55,0.18,0
DSCI-D 351,Fall 2020,86,82,0.14,0
DSCI-D 351,Spring 2021,91,41,0.12,0
DSCI-D 351,Fall 2021,62,40,0.09,0
DSCI-D 351,Spring 2022,57,37,0.1,0
DSCI-D 351,Fall 2022,89,74,0.08,0
DSCI-D 351,Spring 2023,79,59,0.19,0
DSCI-D 351,Fall 2023,93,40,0.08,0
DSCI-D 351,Spring 2024,66,55,0.15,0
DSCI-D 351,Fall 2024,61,48,0.17,0
DSCI-D 390,Spring 2021,67,61,0.11,0
DSCI-D 390,Spring 2022,87,86,0.09,0
DSCI-D 390,Spring 2023,87,32,0.15,0
DSCI-D 390,Spring 2024,50,42,0.17,0
DSCI-D 498,Fall 2020,70,42,0.15,0
DSCI-D 498,Spring 2021,56,51,0.06,0
DSCI-D 498,Fall 2021,64,44,0.17,0
DSCI-D 498,Spring 2022,72,35,0.17,0
DSCI-D 498,Fall 2022,86,49,0.11,0
DSCI-D 498,Spring 2023,77,37,0.05,0
DSCI-D 498,Fall 2023,71,35,0.11,0
DSCI-D 498,Spring 2024,81,64,0.17,0
DSCI-D 498,Fall 2024,95,79,0.17,0
DSCI-D 499,Spring 2021,74,69,0.16,0
DSCI-D 499,Spring 2022,56,37,0.15,0
DSCI-D 499,Spring 2023,67,31,0.16,0
DSCI-D 499,Spring 2024,82,67,0.06,0
DSCI-D 532,Spring 2021,69,41,0.1,0
DSCI-D 532,Spring 2022,80,56,0.17,0
DSCI-D 532,Spring 2023,59,32,0.2,0
DSCI-D 532,Spring 2024,84,60,0.06,0
DSCI-D 590,Fall 2020,62,40,0.1,0
DSCI-D 590,Fall 2021,100,83,0.13,0
DSCI-D 590,Fall 2022,97,64,0.05,0
DSCI-D 590,Fall 2023,80,43,0.19,0
DSCI-D 590,Fall 2024,98,61,0.07,0
DSCI-D 591,Fall 2020,92,87,0.13,0
DSCI-D 591,Fall 2021,65,34,0.18,0
DSCI-D 591,Fall 2022,59,48,0.14,0
DSCI-D 591,Fall 2023,78,48,0.12,0
DSCI-D 591,Fall 2024,59,58,0.11,0
DSCI-D 592,Fall 2020,69,48,0.18,0
DSCI-D 592,Fall 2021,60,43,0.11,0
DSCI-D 592,Fall 2022,77,34,0.14,0
DSCI-D 592,Fall 2023,54,48,0.12,0
DSCI-D 592,Fall 2024,99,33,0.18,0
DSCI-D 699,Fall 2020,91,49,0.19,0
DSCI-D 699,Fall 2021,63,40,0.19,0
DSCI-D 699,Fall 2022,67,56,0.15,0
DSCI-D 699,Fall 2023,67,52,0.19,0
DSCI-D 699,Fall 2024,93,34,0.06,0
MUS-A 100,Fall 2020,74,70,0.06,0
MUS-A 100,Spring 2021,71,48,0.16,0
MUS-A 100,Fall 2021,56,33,0.11,0
MUS-A 100,Spring 2022,89,41,0.06,0
MUS-A 100,Fall 2022,99,76,0.12,0
MUS-A 100,Spring 2023,95,43,0.06,0
MUS-A 100,Fall 2023,99,62,0.14,0
MUS-A 100,Spring 2024,92,44,0.18,0
MUS-A 100,Fall 2024,69,59,0.19,0
MUS-A 101,Fall 2020,77,55,0.11,0
MUS-A 101,Fall 2021,62,31,0.14,0
MUS-A 101,Fall 2022,87,31,0.19,0
MUS-A 101,Fall 2023,75,40,0.14,0
MUS-A 101,Fall 2024,89,72,0.06,0
MUS-A 102,Fall 2020,57,37,0.08,0
MUS-A 102,Spring 2021,66,49,0.18,0
MUS-A 102,Fall 2021,65,36,0.13,0
MUS-A 102,Spring 2022,96,85,0.08,0
MUS-A 102,Fall 2022,72,53,0.18,0
MUS-A 102,Spring 2023,58,32,0.08,0
MUS-A 102,Fall 2023,86,71,0.15,0
MUS-A 102,Spring 2024,80,37,0.19,0
MUS-A 102,Fall 2024,79,75,0.1,0
MUS-A 111,Spring 2021,88,82,0.2,0
MUS-A 111,Spring 2022,98,46,0.18,0
MUS-A 111,Spring 2023,79,58,0.06,0
MUS-A 111,Spring 2024,60,31,0.06,0
MUS-A 112,Fall 2020,93,87,0.08,0
MUS-A 112,Spring 2021,69,67,0.19,0
MUS-A 112,Fall 2021,81,81,0.12,3
MUS-A 112,Spring 2022,52,34,0.16,0
MUS-A 112,Fall 2022,89,37,0.12,0
MUS-A 112,Spring 2023,72,69,0.08,0
MUS-A 112,Fall 2023,57,53,0.07,0
MUS-A 112,Spring 2024,88,57,0.1,0
MUS-A 112,Fall 2024,62,61,0.2,0
MUS-A 115,Spring 2021,75,51,0.18,0
MUS-A 115,Spring 2022,67,67,0.18,1
MUS-A 115,Spring 2023,80,40,0.13,0
MUS-A 115,Spring 2024,81,34,0.12,0
MUS-A 150,Spring 2021,59,37,0.1,0
MUS-A 150,Spring 2022,73,64,0.05,0
MUS-A 150,Spring 2023,72,46,0.12,0
MUS-A 150,Spring 2024,80,60,0.11,0
MUS-A 201,Fall 2020,91,82,0.11,0
MUS-A 201,Fall 2021,58,51,0.16,0
MUS-A 201,Fall 2022,97,47,0.15,0
MUS-A 201,Fall 2023,89,46,0.18,0
MUS-A 201,Fall 2024,64,44,0.13,0
MUS-A 202,Fall 2020,88,42,0.2,0
MUS-A 202,Fall 2021,58,37,0.11,0
MUS-A 202,Fall 2022,76,50,0.12,0
MUS-A 202,Fall 2023,65,38,0.12,0
MUS-A 202,Fall 2024,93,67,0.18,0
MUS-A 211,Fall 2020,56,54,0.18,0
MUS-A 211,Spring 2021,67,45,0.1,0
MUS-A 211,Fall 2021,53,37,0.08,0
MUS-A 211,Spring 2022,66,66,0.13,4
MUS-A 211,Fall 2022,75,43,0.15,0
MUS-A 211,Spring 2023,53,36,0.19,0
MUS-A 211,Fall 2023,62,61,0.09,0
MUS-A 211,Spring 2024,87,85,0.08,0
MUS-A 211,Fall 2024,79,32,0.08,0
MUS-A 212,Fall 2020,94,51,0.14,0
MUS-A 212,Fall 2021,87,37,0.13,0
MUS-A 212,Fall 2022,55,43,0.09,0
MUS-A 212,Fall 2023,59,32,0.18,0
MUS-A 212,Fall 2024,61,46,0.16,0
MUS-A 270,Fall 2020,78,34,0.08,0
MUS-A 270,Fall 2021,74,70,0.09,0
MUS-A 270,Fall 2022,70,49,0.09,0
MUS-A 270,Fall 2023,71,33,0.05,0
MUS-A 270,Fall 2024,91,79,0.06,0
MUS-A 310,Spring 2021,62,46,0.07,0
MUS-A 310,Spring 2022,82,30,0.1,0
MUS-A 310,Spring 2023,66,53,0.12,0
MUS-A 310,Spring 2024,99,52,0.09,0
MUS-A 320,Fall 2020,57,56,0.09,0
MUS-A 320,Fall 2021,62,57,0.16,0
MUS-A 320,Fall 2022,65,31,0.16,0
MUS-A 320,Fall 2023,66,59,0.2,0
MUS-A 320,Fall 2024,81,79,0.11,0
MUS-A 321,Fall 2020,79,47,0.08,0
MUS-A 321,Spring 2021,70,59,0.08,0
MUS-A 321,Fall 2021,66,48,0.14,0
MUS-A 321,Spring 2022,58,49,0.13,0
MUS-A 321,Fall 2022,80,52,0.14,0
MUS-A 321,Spring 2023,79,62,0.18,0
MUS-A 321,Fall 2023,58,51,0.2,0
MUS-A 321,Spring 2024,93,64,0.16,0
MUS-A 321,Fall 2024,65,38,0.1,0
MUS-A 325,Fall 2020,61,30,0.17,0
MUS-A 325,Spring 2021,57,37,0.19,0
MUS-A 325,Fall 2021,61,30,0.14,0
MUS-A 325,Spring 2022,91,91,0.06,2
MUS-A 325,Fall 2022,80,46,0.08,0
MUS-A 325,Spring 2023,78,50,0.13,0
MUS-A 325,Fall 2023,72,35,0.1,0
MUS-A 325,Spring 2024,87,66,0.16,0
MUS-A 325,Fall 2024,100,83,0.06,0
MUS-A 330,Fall 2020,98,40,0.09,0
MUS-A 330,Spring 2021,70,31,0.15,0
MUS-A 330,Fall 2021,68,68,0.09,0
MUS-A 330,Spring 2022,55,48,0.08,0
MUS-A 330,Fall 2022,77,31,0.14,0
MUS-A 330,Spring 2023,86,80,0.13,0
MUS-A 330,Fall 2023,71,55,0.19,0
MUS-A 330,Spring 2024,85,42,0.05,0
MUS-A 330,Fall 2024,81,46,0.16,0
MUS-A 340,Fall 2020,95,87,0.09,0
MUS-A 340,Fall 2021,95,85,0.12,0
MUS-A 340,Fall 2022,50,39,0.1,0
MUS-A 340,Fall 2023,89,62,0.19,0
MUS-A 340,Fall 2024,57,53,0.11,0
MUS-A 350,Fall 2020,53,35,0.06,0
MUS-A 350,Fall 2021,58,44,0.07,0
MUS-A 350,Fall 2022,61,60,0.07,0
MUS-A 350,Fall 2023,63,54,0.19,0
MUS-A 350,Fall 2024,52,51,0.15,0
MUS-A 360,Fall 2020,75,49,0.16,0
MUS-A 360,Spring 2021,59,48,0.19,0
MUS-A 360,Fall 2021,54,32,0.16,0
MUS-A 360,Spring 2022,65,44,0.12,0
MUS-A 360,Fall 2022,90,82,0.09,0
MUS-A 360,Spring 2023,96,63,0.18,0
MUS-A 360,Fall 2023,99,41,0.19,0
MUS-A 360,Spring 2024,72,30,0.12,0
MUS-A 360,Fall 2024,51,32,0.1,0
MUS-A 370,Fall 2020,74,49,0.17,0
MUS-A 370,Fall 2021,71,50,0.16,0
MUS-A 370,Fall 2022,82,81,0.09,0
MUS-A 370,Fall 2023,64,44,0.12,0
MUS-A 370,Fall 2024,70,53,0.07,0
MUS-A 410,Fall 2020,54,35,0.19,0
MUS-A 410,Spring 2021,97,76,0.05,0
MUS-A 410,Fall 2021,76,47,0.07,0
MUS-A 410,Spring 2022,84,51,0.13,0
MUS-A 410,Fall 2022,52,37,0.11,0
MUS-A 410,Spring 2023,74,37,0.17,0
MUS-A 410,Fall 2023,54,42,0.06,0
MUS-A 410,Spring 2024,86,85,0.06,0
MUS-A 410,Fall 2024,87,58,0.08,0
MUS-A 440,Fall 2020,97,31,0.16,0
MUS-A 440,Spring 2021,100,59,0.18,0
MUS-A 440,Fall 2021,93,41,0.18,0
MUS-A 440,Spring 2022,62,37,0.09,0
MUS-A 440,Fall 2022,77,59,0.09,0
MUS-A 440,Spring 2023,80,50,0.09,0
MUS-A 440,Fall 2023,83,60,0.06,0
MUS-A 440,Spring 2024,61,30,0.12,0
MUS-A 440,Fall 2024,89,66,0.14,0
MUS-A 460,Fall 2020,50,39,0.1,0
MUS-A 460,Spring 2021,70,44,0.17,0
MUS-A 460,Fall 2021,87,64,0.1,0
MUS-A 460,Spring 2022,57,44,0.06,0
MUS-A 460,Fall 2022,75,42,0.06,0
MUS-A 460,Spring 2023,66,43,0.19,0
MUS-A 460,Fall 2023,84,75,0.08,0
MUS-A 460,Spring 2024,57,44,0.17,0
MUS-A 460,Fall 2024,76,42,0.12,0
MUS-A 461,Fall 2020,84,35,0.15,0
MUS-A 461,Fall 2021,98,52,0.13,0
MUS-A 461,Fall 2022,75,34,0.1,0
MUS-A 461,Fall 2023,55,35,0.15,0
MUS-A 461,Fall 2024,99,47,0.1,0
MUS-A 470,Fall 2020,63,43,0.06,0
MUS-A 470,Fall 2021,93,84,0.13,0
MUS-A 470,Fall 2022,92,76,0.15,0
MUS-A 470,Fall 2023,66,64,0.1,0
MUS-A 470,Fall 2024,85,64,0.11,0
MUS-A 471,Fall 2020,97,73,0.17,0
MUS-A 471,Spring 2021,66,36,0.09,0
MUS-A 471,Fall 2021,50,32,0.1,0
MUS-A 471,Spring 2022,62,35,0.15,0
MUS-A 471,Fall 2022,63,44,0.11,0
MUS-A 471,Spring 2023,53,37,0.07,0
MUS-A 471,Fall 2023,77,45,0.06,0
MUS-A 471,Spring 2024,94,57,0.13,0
MUS-A 471,Fall 2024,51,32,0.08,0
MUS-A 480,Fall 2020,73,44,0.16,0
MUS-A 480,Fall 2021,58,36,0.08,0
MUS-A 480,Fall 2022,57,36,0.19,0
MUS-A 480,Fall 2023,100,86,0.09,0
MUS-A 480,Fall 2024,79,39,0.1,0
MUS-A 511,Fall 2020,99,98,0.17,0
MUS-A 511,Fall 2021,88,63,0.17,0
MUS-A 511,Fall 2022,94,52,0.17,0
MUS-A 511,Fall 2023,55,53,0.18,0
MUS-A 511,Fall 2024,95,33,0.17,0
MUS-A 512,Spring 2021,55,39,0.18,0
MUS-A 512,Spring 2022,89,87,0.13,0
MUS-A 512,Spring 2023,86,39,0.14,0
MUS-A 512,Spring 2024,97,92,0.09,0
MUS-A 521,Fall 2020,60,40,0.2,0
MUS-A 521,Spring 2021,53,33,0.09,0
MUS-A 521,Fall 2021,68,34,0.18,0
MUS-A 521,Spring 2022,55,32,0.19,0
MUS-A 521,Fall 2022,69,51,0.17,0
MUS-A 521,Spring 2023,60,42,0.2,0
MUS-A 521,Fall 2023,52,38,0.14,0
MUS-A 521,Spring 2024,72,43,0.15,0
MUS-A 521,Fall 2024,98,52,0.06,0
MUS-A 522,Spring 2021,96,76,0.12,0
MUS-A 522,Spring 2022,72,59,0.17,0
MUS-A 522,Spring 2023,83,74,0.13,0
MUS-A 522,Spring 2024,96,54,0.17,0
MUS-B 110,Spring 2021,91,86,0.15,0
MUS-B 110,Spring 2022,79,70,0.06,0
MUS-B 110,Spring 2023,84,81,0.1,0
MUS-B 110,Spring 2024,59,32,0.09,0
MUS-B 120,Fall 2020,70,50,0.19,0
MUS-B 120,Fall 2021,56,52,0.09,0
MUS-B 120,Fall 2022,51,41,0.06,0
MUS-B 120,Fall 2023,67,40,0.11,0
MUS-B 120,Fall 2024,100,47,0.18,0
MUS-B 130,Spring 2021,75,45,0.05,0
MUS-B 130,Spring 2022,93,72,0.1,0
MUS-B 130,Spring 2023,97,71,0.14,0
MUS-B 130,Spring 2024,62,33,0.2,0
MUS-B 140,Fall 2020,51,44,0.09,0
MUS-B 140,Spring 2021,56,44,0.13,0
MUS-B 140,Fall 2021,89,89,0.11,2
MUS-B 140,Spring 2022,66,46,0.08,0
MUS-B 140,Fall 2022,70,37,0.19,0
MUS-B 140,Spring 2023,65,65,0.12,4
MUS-B 140,Fall 2023,96,59,0.09,0
MUS-B 140,Spring 2024,63,39,0.15,0
MUS-B 140,Fall 2024,86,58,0.1,0
MUS-B 150,Fall 2020,85,76,0.13,0
MUS-B 150,Fall 2021,68,42,0.14,0
MUS-B 150,Fall 2022,86,56,0.19,0
MUS-B 150,Fall 2023,78,49,0.16,0
MUS-B 150,Fall 2024,85,31,0.11,0
MUS-B 410,Spring 2021,65,47,0.06,0
MUS-B 410,Spring 2022,85,59,0.11,0
MUS-B 410,Spring 2023,72,63,0.08,0
MUS-B 410,Spring 2024,78,65,0.18,0
MUS-B 420,Fall 2020,96,65,0.07,0
MUS-B 420,Spring 2021,100,48,0.15,0
MUS-B 420,Fall 2021,96,86,0.07,0
MUS-B 420,Spring 2022,81,33,0.07,0
MUS-B 420,Fall 2022,54,49,0.15,0
MUS-B 420,Spring 2023,60,34,0.06,0
MUS-B 420,Fall 2023,53,41,0.06,0
MUS-B 420,Spring 2024,91,38,0.07,0
MUS-B 420,Fall 2024,56,33,0.2,0
MUS-B 430,Fall 2020,79,60,0.15,0
MUS-B 430,Spring 2021,70,60,0.09,0
MUS-B 430,Fall 2021,81,31,0.12,0
MUS-B 430,Spring 2022,59,31,0.14,0
MUS-B 430,Fall 2022,73,46,0.13,0
MUS-B 430,Spring 2023,65,60,0.15,0
MUS-B 430,Fall 2023,50,40,0.13,0
MUS-B 430,Spring 2024,53,36,0.05,0
MUS-B 430,Fall 2024,99,41,0.06,0
THTR-D 108,Spring 2021,82,40,0.2,0
THTR-D 108,Spring 2022,50,44,0.08,0
THTR-D 108,Spring 2023,91,36,0.09,0
THTR-D 108,Spring 2024,73,33,0.07,0
THTR-D 109,Fall 2020,75,40,0.2,0
THTR-D 109,Spring 2021,92,40,0.18,0
THTR-D 109,Fall 2021,61,32,0.15,0
THTR-D 109,Spring 2022,98,83,0.14,0
THTR-D 109,Fall 2022,65,31,0.14,0
THTR-D 109,Spring 2023,79,49,0.09,0
THTR-D 109,Fall 2023,74,61,0.08,0
THTR-D 109,Spring 2024,91,69,0.1,0
THTR-D 109,Fall 2024,90,83,0.08,0
THTR-D 112,Fall 2020,86,83,0.07,0
THTR-D 112,Fall 2021,71,49,0.16,0
THTR-D 112,Fall 2022,76,70,0.2,0
THTR-D 112,Fall 2023,81,55,0.14,0
THTR-D 112,Fall 2024,61,37,0.07,0
THTR-D 121,Fall 2020,75,38,0.14,0
THTR-D 121,Fall 2021,83,77,0.05,0
THTR-D 121,Fall 2022,51,30,0.15,0
THTR-D 121,Fall 2023,85,53,0.12,0
THTR-D 121,Fall 2024,51,43,0.11,0
THTR-D 154,Fall 2020,64,41,0.14,0
THTR-D 154,Spring 2021,69,68,0.13,0
THTR-D 154,Fall 2021,59,43,0.06,0
THTR-D 154,Spring 2022,67,53,0.1,0
THTR-D 154,Fall 2022,61,51,0.07,0
THTR-D 154,Spring 2023,85,74,0.09,0
THTR-D 154,Fall 2023,63,45,0.2,0
THTR-D 154,Spring 2024,74,61,0.15,0
THTR-D 154,Fall 2024,85,49,0.19,0
THTR-D 155,Fall 2020,52,52,0.05,2
THTR-D 155,Spring 2021,65,34,0.15,0
THTR-D 155,Fall 2021,89,80,0.14,0
THTR-D 155,Spring 2022,80,43,0.16,0
THTR-D 155,Fall 2022,65,46,0.15,0
THTR-D 155,Spring 2023,63,36,0.07,0
THTR-D 155,Fall 2023,64,46,0.17,0
THTR-D 155,Spring 2024,96,73,0.15,0
THTR-D 155,Fall 2024,94,56,0.11,0
THTR-D 156,Fall 2020,89,88,0.09,0
THTR-D 156,Spring 2021,92,62,0.05,0
THTR-D 156,Fall 2021,84,46,0.13,0
THTR-D 156,Spring 2022,95,83,0.06,0
THTR-D 156,Fall 2022,81,69,0.18,0
THTR-D 156,Spring 2023,69,64,0.18,0
THTR-D 156,Fall 2023,78,35,0.17,0
THTR-D 156,Spring 2024,80,51,0.15,0
THTR-D 156,Fall 2024,54,54,0.11,0
THTR-D 161,Fall 2020,69,52,0.06,0
THTR-D 161,Spring 2021,88,76,0.2,0
THTR-D 161,Fall 2021,60,58,0.06,0
THTR-D 161,Spring 2022,65,64,0.18,0
THTR-D 161,Fall 2022,52,30,0.1,0
THTR-D 161,Spring 2023,96,30,0.11,0
THTR-D 161,Fall 2023,78,49,0.15,0
THTR-D 161,Spring 2024,78,77,0.07,0
THTR-D 161,Fall 2024,52,32,0.15,0
THTR-D 211,Spring 2021,93,41,0.14,0
THTR-D 211,Spring 2022,69,38,0.17,0
THTR-D 211,Spring 2023,100,48,0.16,0
THTR-D 211,Spring 2024,94,72,0.08,0
THTR-D 212,Spring 2021,71,57,0.12,0
THTR-D 212,Spring 2022,94,72,0.08,0
THTR-D 212,Spring 2023,57,39,0.13,0
THTR-D 212,Spring 2024,100,55,0.09,0
THTR-D 221,Fall 2020,62,57,0.17,0
THTR-D 221,Spring 2021,68,68,0.2,2
THTR-D 221,Fall 2021,75,71,0.17,0
THTR-D 221,Spring 2022,87,63,0.12,0
THTR-D 221,Fall 2022,55,43,0.14,0
THTR-D 221,Spring 2023,98,71,0.07,0
THTR-D 221,Fall 2023,84,69,0.13,0
THTR-D 221,Spring 2024,96,36,0.15,0
THTR-D 221,Fall 2024,53,41,0.16,0
THTR-D 222,Spring 2021,95,41,0.1,0
THTR-D 222,Spring 2022,86,75,0.16,0
THTR-D 222,Spring 2023,65,42,0.16,0
THTR-D 222,Spring 2024,53,40,0.19,0
THTR-D 231,Fall 2020,56,43,0.1,0
THTR-D 231,Spring 2021,77,70,0.09,0
THTR-D 231,Fall 2021,72,57,0.14,0
THTR-D 231,Spring 2022,75,54,0.06,0
THTR-D 231,Fall 2022,68,62,0.13,0
THTR-D 231,Spring 2023,63,59,0.12,0
THTR-D 231,Fall 2023,52,45,0.07,0
THTR-D 231,Spring 2024,78,74,0.07,0
THTR-D 231,Fall 2024,74,67,0.11,0
THTR-D 254,Fall 2020,96,82,0.12,0
THTR-D 254,Spring 2021,87,52,0.11,0
THTR-D 254,Fall 2021,56,51,0.07,0
THTR-D 254,Spring 2022,98,70,0.08,0
THTR-D 254,Fall 2022,56,45,0.14,0
THTR-D 254,Spring 2023,87,56,0.1,0
THTR-D 254,Fall 2023,50,41,0.11,0
THTR-D 254,Spring 2024,83,33,0.16,0
THTR-D 254,Fall 2024,92,83,0.06,0
THTR-D 255,Fall 2020,50,36,0.14,0
THTR-D 255,Spring 2021,58,58,0.14,4
THTR-D 255,Fall 2021,73,48,0.09,0
THTR-D 255,Spring 2022,92,56,0.14,0
THTR-D 255,Fall 2022,67,57,0.09,0
THTR-D 255,Spring 2023,65,64,0.07,0
THTR-D 255,Fall 2023,80,33,0.14,0
THTR-D 255,Spring 2024,88,77,0.1,0
THTR-D 255,Fall 2024,97,68,0.13,0
THTR-D 256,Fall 2020,79,59,0.1,0
THTR-D 256,Fall 2021,51,41,0.19,0
THTR-D 256,Fall 2022,85,47,0.1,0
THTR-D 256,Fall 2023,56,30,0.1,0
THTR-D 256,Fall 2024,75,52,0.1,0
THTR-D 301,Fall 2020,55,35,0.14,0
THTR-D 301,Fall 2021,73,51,0.12,0
THTR-D 301,Fall 2022,67,60,0.2,0
THTR-D 301,Fall 2023,79,71,0.12,0
THTR-D 301,Fall 2024,86,41,0.19,0
THTR-D 302,Fall 2020,76,68,0.2,0
THTR-D 302,Fall 2021,70,41,0.17,0
THTR-D 302,Fall 2022,82,72,0.07,0
THTR-D 302,Fall 2023,64,31,0.15,0
THTR-D 302,Fall 2024,93,83,0.07,0
THTR-D 311,Spring 2021,56,40,0.12,0
THTR-D 311,Spring 2022,87,66,0.19,0
THTR-D 311,Spring 2023,93,88,0.08,0
THTR-D 311,Spring 2024,60,33,0.08,0
THTR-D 312,Fall 2020,53,46,0.13,0
THTR-D 312,Fall 2021,73,51,0.08,0
THTR-D 312,Fall 2022,55,39,0.17,0
THTR-D 312,Fall 2023,70,45,0.18,0
THTR-D 312,Fall 2024,88,57,0.11,0
AAAD-A 249,Fall 2020,100,78,0.14,0
AAAD-A 249,Fall 2021,94,51,0.06,0
AAAD-A 249,Fall 2022,72,34,0.16,0
AAAD-A 249,Fall 2023,81,39,0.13,0
AAAD-A 249,Fall 2024,64,36,0.12,0
AAAD-A 250,Spring 2021,96,32,0.08,0
AAAD-A 250,Spring 2022,77,58,0.11,0
AAAD-A 250,Spring 2023,55,41,0.11,0
AAAD-A 250,Spring 2024,62,58,0.12,0
AAAD-A 251,Fall 2020,57,37,0.18,0
AAAD-A 251,Fall 2021,69,33,0.05,0
AAAD-A 251,Fall 2022,52,42,0.13,0
AAAD-A 251,Fall 2023,65,42,0.2,0
AAAD-A 251,Fall 2024,58,57,0.09,0
AAAD-A 255,Spring 2021,56,44,0.17,0
AAAD-A 255,Spring 2022,83,70,0.19,0
AAAD-A 255,Spring 2023,98,73,0.06,0
AAAD-A 255,Spring 2024,92,45,0.18,0
AAAD-A 257,Fall 2020,98,79,0.08,0
AAAD-A 257,Fall 2021,66,55,0.16,0
AAAD-A 257,Fall 2022,63,52,0.2,0
AAAD-A 257,Fall 2023,96,72,0.06,0
AAAD-A 257,Fall 2024,62,43,0.09,0
AAAD-A 263,Fall 2020,77,56,0.16,0
AAAD-A 263,Fall 2021,58,37,0.15,0
AAAD-A 263,Fall 2022,77,62,0.05,0
AAAD-A 263,Fall 2023,83,77,0.19,0
AAAD-A 263,Fall 2024,57,35,0.16,0
AAAD-A 264,Fall 2020,97,74,0.09,0
AAAD-A 264,Spring 2021,74,49,0.08,0
AAAD-A 264,Fall 2021,96,95,0.14,0
AAAD-A 264,Spring 2022,94,76,0.19,0
AAAD-A 264,Fall 2022,96,84,0.17,0
AAAD-A 264,Spring 2023,84,68,0.09,0
AAAD-A 264,Fall 2023,95,43,0.17,0
AAAD-A 264,Spring 2024,93,53,0.11,0
AAAD-A 264,Fall 2024,100,72,0.2,0
AAAD-A 265,Fall 2020,72,48,0.1,0
AAAD-A 265,Fall 2021,77,57,0.16,0
AAAD-A 265,Fall 2022,82,48,0.13,0
AAAD-A 265,Fall 2023,98,66,0.15,0
AAAD-A 265,Fall 2024,83,64,0.12,0
AAAD-A 275,Fall 2020,87,42,0.14,0
AAAD-A 275,Fall 2021,71,45,0.14,0
AAAD-A 275,Fall 2022,84,74,0.07,0
AAAD-A 275,Fall 2023,93,84,0.19,0
AAAD-A 275,Fall 2024,70,55,0.19,0
AAAD-A 277,Spring 2021,74,70,0.08,0
AAAD-A 277,Spring 2022,72,52,0.12,0
AAAD-A 277,Spring 2023,72,61,0.1,0
AAAD-A 277,Spring 2024,92,47,0.14,0
AAAD-A 278,Fall 2020,82,50,0.12,0
AAAD-A 278,Spring 2021,72,56,0.14,0
AAAD-A 278,Fall 2021,67,53,0.16,0
AAAD-A 278,Spring 2022,89,80,0.1,0
AAAD-A 278,Fall 2022,99,77,0.13,0
AAAD-A 278,Spring 2023,55,38,0.16,0
AAAD-A 278,Fall 2023,80,50,0.16,0
AAAD-A 278,Spring 2024,97,74,0.12,0
AAAD-A 278,Fall 2024,72,49,0.09,0
AAAD-A 290,Fall 2020,77,46,0.15,0
AAAD-A 290,Fall 2021,51,47,0.11,0
AAAD-A 290,Fall 2022,60,54,0.09,0
AAAD-A 290,Fall 2023,55,42,0.1,0
AAAD-A 290,Fall 2024,51,37,0.07,0
AAAD-A 295,Spring 2021,84,62,0.06,0
AAAD-A 295,Spring 2022,67,53,0.13,0
AAAD-A 295,Spring 2023,50,33,0.09,0
AAAD-A 295,Spring 2024,98,45,0.14,0
AAAD-A 297,Fall 2020,68,52,0.11,0
AAAD-A 297,Fall 2021,65,38,0.14,0
AAAD-A 297,Fall 2022,68,62,0.09,0
AAAD-A 297,Fall 2023,93,69,0.09,0
AAAD-A 297,Fall 2024,83,54,0.13,0
AAAD-A 299,Fall 2020,55,50,0.11,0
AAAD-A 299,Fall 2021,81,70,0.06,0
AAAD-A 299,Fall 2022,88,60,0.08,0
AAAD-A 299,Fall 2023,79,47,0.09,0
AAAD-A 299,Fall 2024,58,44,0.11,0
AAAD-A 304,Spring 2021,89,38,0.1,0
AAAD-A 304,Spring 2022,75,33,0.09,0
AAAD-A 304,Spring 2023,64,64,0.13,4
AAAD-A 304,Spring 2024,54,49,0.17,0
AAAD-A 320,Spring 2021,96,31,0.17,0
AAAD-A 320,Spring 2022,53,39,0.16,0
AAAD-A 320,Spring 2023,80,70,0.18,0
AAAD-A 320,Spring 2024,97,92,0.08,0
AAAD-A 331,Spring 2021,58,50,0.05,0
AAAD-A 331,Spring 2022,86,71,0.18,0
AAAD-A 331,Spring 2023,62,41,0.1,0
AAAD-A 331,Spring 2024,58,49,0.13,0
AAAD-A 332,Fall 2020,72,68,0.2,0
AAAD-A 332,Spring 2021,88,50,0.19,0
AAAD-A 332,Fall 2021,63,55,0.17,0
AAAD-A 332,Spring 2022,80,54,0.07,0
AAAD-A 332,Fall 2022,69,46,0.08,0
AAAD-A 332,Spring 2023,74,42,0.11,0
AAAD-A 332,Fall 2023,77,71,0.16,0
AAAD-A 332,Spring 2024,52,32,0.11,0
AAAD-A 332,Fall 2024,69,34,0.08,0
AAAD-A 337,Fall 2020,68,45,0.17,0
AAAD-A 337,Spring 2021,90,33,0.17,0
AAAD-A 337,Fall 2021,93,84,0.16,0
AAAD-A 337,Spring 2022,63,48,0.19,0
AAAD-A 337,Fall 2022,56,48,0.17,0
AAAD-A 337,Spring 2023,65,37,0.06,0
AAAD-A 337,Fall 2023,65,48,0.18,0
AAAD-A 337,Spring 2024,94,36,0.18,0
AAAD-A 337,Fall 2024,83,65,0.07,0
